mnth,hr,holiday,weekday,workingday,weathersit,temp,atemp,hum,windspeed,target,lag_1h
3,0,0,2,1,1,0.3,0.2727,0.7,0.4627,7,45.0
3,1,0,2,1,1,0.26,0.2273,0.7,0.3582,3,7.0
3,2,0,2,1,1,0.24,0.2121,0.65,0.3881,4,3.0
3,3,0,2,1,1,0.22,0.2121,0.69,0.2836,2,4.0
3,4,0,2,1,1,0.22,0.2121,0.69,0.2537,1,2.0
3,5,0,2,1,1,0.2,0.1818,0.64,0.2836,2,1.0
3,6,0,2,1,1,0.2,0.1818,0.59,0.2985,46,2.0
3,7,0,2,1,1,0.2,0.1818,0.59,0.3284,107,46.0
3,8,0,2,1,1,0.2,0.1818,0.59,0.3881,214,107.0
3,9,0,2,1,1,0.22,0.197,0.55,0.4179,124,214.0
3,10,0,2,1,1,0.24,0.2121,0.52,0.2836,68,124.0
3,11,0,2,1,1,0.28,0.2727,0.45,0.2537,56,68.0
3,12,0,2,1,1,0.3,0.303,0.39,0.1343,86,56.0
3,13,0,2,1,1,0.32,0.3485,0.39,0.0,78,86.0
3,14,0,2,1,1,0.32,0.3333,0.36,0.1343,79,78.0
3,15,0,2,1,1,0.34,0.3636,0.34,0.0,64,79.0
3,16,0,2,1,1,0.34,0.3485,0.34,0.0896,102,64.0
3,17,0,2,1,1,0.34,0.3485,0.34,0.0896,242,102.0
3,18,0,2,1,1,0.32,0.3182,0.39,0.194,224,242.0
3,19,0,2,1,1,0.3,0.303,0.49,0.1343,119,224.0
3,20,0,2,1,1,0.3,0.3182,0.61,0.0896,88,119.0
3,21,0,2,1,1,0.26,0.303,0.56,0.0,63,88.0
3,22,0,2,1,1,0.24,0.2727,0.62,0.1045,47,63.0
3,23,0,2,1,1,0.24,0.2273,0.65,0.2239,25,47.0
3,0,0,3,1,1,0.22,0.2273,0.69,0.1642,8,25.0
3,1,0,3,1,1,0.22,0.2273,0.69,0.194,4,8.0
3,2,0,3,1,1,0.22,0.2273,0.69,0.194,2,4.0
3,3,0,3,1,1,0.22,0.2121,0.69,0.2836,4,2.0
3,4,0,3,1,1,0.2,0.2121,0.75,0.1343,1,4.0
3,5,0,3,1,1,0.22,0.2121,0.69,0.2239,5,1.0
3,6,0,3,1,1,0.22,0.2121,0.55,0.2537,40,5.0
3,7,0,3,1,1,0.22,0.2121,0.64,0.2537,110,40.0
3,8,0,3,1,1,0.24,0.2121,0.65,0.2836,256,110.0
3,9,0,3,1,1,0.28,0.2576,0.56,0.2985,148,256.0
3,10,0,3,1,1,0.32,0.303,0.49,0.2836,76,148.0
3,11,0,3,1,1,0.34,0.303,0.53,0.3284,73,76.0
3,12,0,3,1,1,0.4,0.4091,0.43,0.194,82,73.0
3,13,0,3,1,1,0.5,0.4848,0.25,0.0,125,82.0
3,14,0,3,1,1,0.52,0.5,0.23,0.2985,96,125.0
3,15,0,3,1,1,0.54,0.5152,0.19,0.4179,110,96.0
3,16,0,3,1,1,0.54,0.5152,0.19,0.3284,139,110.0
3,17,0,3,1,1,0.5,0.4848,0.23,0.2836,268,139.0
3,18,0,3,1,1,0.46,0.4545,0.23,0.4925,201,268.0
3,19,0,3,1,1,0.4,0.4091,0.28,0.5224,150,201.0
3,20,0,3,1,1,0.36,0.3333,0.29,0.4179,95,150.0
3,21,0,3,1,1,0.34,0.2879,0.29,0.4627,71,95.0
3,22,0,3,1,1,0.3,0.2576,0.26,0.5522,48,71.0
3,23,0,3,1,1,0.26,0.2121,0.3,0.5224,22,48.0
3,0,0,4,1,1,0.24,0.197,0.3,0.4627,13,22.0
3,1,0,4,1,1,0.24,0.197,0.3,0.4627,1,13.0
3,2,0,4,1,1,0.2,0.1667,0.27,0.4627,3,1.0
3,3,0,4,1,1,0.2,0.1667,0.27,0.4627,1,3.0
3,4,0,4,1,1,0.16,0.1212,0.31,0.4925,1,1.0
3,5,0,4,1,1,0.14,0.1212,0.33,0.2985,8,1.0
3,6,0,4,1,1,0.14,0.1212,0.33,0.2985,35,8.0
3,7,0,4,1,1,0.12,0.0909,0.42,0.4179,111,35.0
3,8,0,4,1,1,0.14,0.1212,0.39,0.2985,220,111.0
3,9,0,4,1,1,0.16,0.1364,0.37,0.2836,145,220.0
3,10,0,4,1,1,0.18,0.1818,0.29,0.194,56,145.0
3,11,0,4,1,1,0.2,0.2273,0.29,0.0896,50,56.0
3,12,0,4,1,1,0.22,0.2273,0.25,0.1343,72,50.0
3,13,0,4,1,1,0.22,0.2576,0.25,0.0896,80,72.0
3,14,0,4,1,1,0.24,0.2576,0.21,0.1045,78,80.0
3,15,0,4,1,1,0.24,0.2879,0.23,0.0,68,78.0
3,16,0,4,1,1,0.26,0.303,0.23,0.0,71,68.0
3,17,0,4,1,1,0.26,0.303,0.22,0.0,202,71.0
3,18,0,4,1,1,0.24,0.2121,0.35,0.3284,167,202.0
3,19,0,4,1,1,0.2,0.197,0.4,0.2537,106,167.0
3,20,0,4,1,1,0.2,0.2273,0.4,0.0896,70,106.0
3,21,0,4,1,1,0.18,0.2121,0.4,0.1045,51,70.0
3,22,0,4,1,1,0.2,0.2576,0.4,0.0,53,51.0
3,23,0,4,1,2,0.18,0.2121,0.43,0.0896,23,53.0
3,0,0,5,1,2,0.2,0.197,0.55,0.194,12,23.0
3,1,0,5,1,2,0.18,0.1818,0.64,0.194,4,12.0
3,2,0,5,1,2,0.18,0.1818,0.64,0.194,2,4.0
3,3,0,5,1,2,0.18,0.1667,0.74,0.2537,1,2.0
3,4,0,5,1,2,0.18,0.1818,0.74,0.194,1,1.0
3,5,0,5,1,2,0.16,0.1818,0.74,0.1343,7,1.0
3,6,0,5,1,2,0.16,0.197,0.74,0.0896,29,7.0
3,7,0,5,1,1,0.16,0.1818,0.8,0.1343,83,29.0
3,8,0,5,1,1,0.18,0.197,0.74,0.1343,228,83.0
3,9,0,5,1,1,0.22,0.2273,0.6,0.1343,150,228.0
3,10,0,5,1,1,0.24,0.2273,0.6,0.2537,66,150.0
3,11,0,5,1,1,0.28,0.2727,0.52,0.2239,89,66.0
3,12,0,5,1,1,0.32,0.303,0.43,0.1642,97,89.0
3,13,0,5,1,1,0.34,0.3182,0.42,0.2239,87,97.0
3,14,0,5,1,1,0.36,0.3333,0.4,0.2836,95,87.0
3,15,0,5,1,1,0.36,0.3333,0.4,0.2985,106,95.0
3,16,0,5,1,1,0.36,0.3485,0.46,0.194,118,106.0
3,17,0,5,1,2,0.36,0.3333,0.5,0.2537,228,118.0
3,18,0,5,1,2,0.34,0.303,0.53,0.2985,187,228.0
3,19,0,5,1,1,0.32,0.303,0.61,0.2537,107,187.0
3,20,0,5,1,2,0.3,0.2879,0.7,0.194,87,107.0
3,21,0,5,1,2,0.3,0.2879,0.7,0.2239,70,87.0
3,22,0,5,1,1,0.3,0.2879,0.7,0.194,44,70.0
3,23,0,5,1,2,0.3,0.303,0.75,0.1642,46,44.0
3,0,0,6,0,2,0.28,0.2879,0.81,0.1045,19,46.0
3,1,0,6,0,2,0.3,0.3182,0.81,0.1045,25,19.0
3,2,0,6,0,2,0.3,0.2879,0.87,0.194,20,25.0
3,3,0,6,0,2,0.3,0.2879,0.87,0.194,2,20.0
3,4,0,6,0,2,0.3,0.303,0.93,0.1642,1,2.0
3,5,0,6,0,2,0.3,0.303,1.0,0.1343,3,1.0
3,6,0,6,0,2,0.3,0.2879,1.0,0.2239,4,3.0
3,7,0,6,0,2,0.3,0.2727,1.0,0.2985,15,4.0
3,8,0,6,0,2,0.3,0.2727,1.0,0.2985,45,15.0
3,9,0,6,0,2,0.32,0.303,0.93,0.2239,63,45.0
3,10,0,6,0,2,0.34,0.3333,0.93,0.194,103,63.0
3,11,0,6,0,2,0.4,0.4091,0.76,0.2239,159,103.0
3,12,0,6,0,2,0.44,0.4394,0.67,0.2537,167,159.0
3,13,0,6,0,2,0.46,0.4545,0.67,0.2836,190,167.0
3,14,0,6,0,2,0.48,0.4697,0.59,0.2836,198,190.0
3,15,0,6,0,2,0.46,0.4545,0.63,0.2985,205,198.0
3,16,0,6,0,2,0.48,0.4697,0.59,0.2985,204,205.0
3,17,0,6,0,2,0.48,0.4697,0.59,0.3582,164,204.0
3,18,0,6,0,2,0.48,0.4697,0.59,0.3284,152,164.0
3,19,0,6,0,2,0.46,0.4545,0.67,0.3284,89,152.0
3,20,0,6,0,2,0.44,0.4394,0.77,0.3284,70,89.0
3,21,0,6,0,2,0.44,0.4394,0.72,0.3284,72,70.0
3,22,0,6,0,2,0.42,0.4242,0.77,0.2985,63,72.0
3,23,0,6,0,2,0.44,0.4394,0.77,0.2985,44,63.0
3,0,0,0,0,2,0.42,0.4242,0.77,0.3582,52,44.0
3,1,0,0,0,2,0.42,0.4242,0.77,0.2836,39,52.0
3,2,0,0,0,2,0.4,0.4091,0.82,0.2836,32,39.0
3,3,0,0,0,2,0.42,0.4242,0.82,0.2985,11,32.0
3,4,0,0,0,2,0.42,0.4242,0.88,0.3582,3,11.0
3,6,0,0,0,2,0.42,0.4242,0.94,0.3582,2,3.0
3,7,0,0,0,3,0.42,0.4242,1.0,0.4478,5,2.0
3,8,0,0,0,2,0.4,0.4091,1.0,0.2985,9,5.0
3,9,0,0,0,2,0.42,0.4242,1.0,0.2836,22,9.0
3,10,0,0,0,2,0.42,0.4242,1.0,0.2985,31,22.0
3,11,0,0,0,2,0.42,0.4242,1.0,0.2239,62,31.0
3,12,0,0,0,2,0.46,0.4545,0.94,0.3284,79,62.0
3,13,0,0,0,2,0.46,0.4545,0.94,0.3582,105,79.0
3,14,0,0,0,3,0.44,0.4394,1.0,0.2239,39,105.0
3,15,0,0,0,3,0.44,0.4394,1.0,0.2239,7,39.0
3,16,0,0,0,3,0.36,0.3333,1.0,0.2836,11,7.0
3,17,0,0,0,3,0.34,0.303,1.0,0.2985,25,11.0
3,18,0,0,0,3,0.32,0.2879,1.0,0.3582,23,25.0
3,19,0,0,0,3,0.3,0.2576,1.0,0.4925,11,23.0
3,20,0,0,0,3,0.28,0.2424,1.0,0.4179,11,11.0
3,21,0,0,0,3,0.24,0.1818,0.93,0.6119,7,11.0
3,22,0,0,0,2,0.22,0.197,1.0,0.3881,10,7.0
3,23,0,0,0,2,0.22,0.197,1.0,0.4179,9,10.0
3,0,0,1,1,3,0.2,0.1818,1.0,0.3284,4,9.0
3,1,0,1,1,3,0.2,0.1818,1.0,0.3284,2,4.0
3,3,0,1,1,1,0.2,0.1515,0.8,0.5821,1,2.0
3,4,0,1,1,1,0.2,0.1515,0.8,0.5224,1,1.0
3,5,0,1,1,1,0.2,0.1818,0.75,0.3582,1,1.0
3,6,0,1,1,1,0.2,0.1818,0.75,0.3881,34,1.0
3,7,0,1,1,1,0.2,0.1667,0.75,0.4179,91,34.0
3,8,0,1,1,1,0.2,0.1818,0.75,0.3881,211,91.0
3,9,0,1,1,1,0.22,0.1818,0.64,0.4627,134,211.0
3,10,0,1,1,1,0.24,0.2121,0.6,0.2985,58,134.0
3,11,0,1,1,1,0.26,0.2121,0.48,0.4478,60,58.0
3,12,0,1,1,1,0.3,0.2727,0.42,0.4179,96,60.0
3,13,0,1,1,1,0.32,0.2879,0.36,0.3881,70,96.0
3,14,0,1,1,1,0.32,0.2879,0.36,0.4179,77,70.0
3,15,0,1,1,1,0.34,0.303,0.31,0.3881,96,77.0
3,16,0,1,1,1,0.34,0.303,0.31,0.3582,122,96.0
3,17,0,1,1,1,0.34,0.303,0.29,0.3582,233,122.0
3,18,0,1,1,1,0.32,0.303,0.31,0.2239,233,233.0
3,19,0,1,1,1,0.3,0.2879,0.33,0.2239,145,233.0
3,20,0,1,1,1,0.3,0.303,0.33,0.1642,92,145.0
3,21,0,1,1,1,0.28,0.2727,0.38,0.2239,54,92.0
3,22,0,1,1,1,0.26,0.2576,0.48,0.1642,35,54.0
3,23,0,1,1,1,0.28,0.3182,0.48,0.0,22,35.0
3,0,0,2,1,1,0.26,0.2879,0.48,0.0896,10,22.0
3,1,0,2,1,1,0.24,0.2424,0.52,0.1343,4,10.0
3,2,0,2,1,1,0.24,0.2424,0.52,0.1343,1,4.0
3,3,0,2,1,1,0.24,0.2576,0.52,0.0896,7,1.0
3,4,0,2,1,1,0.22,0.2727,0.64,0.0,2,7.0
3,5,0,2,1,1,0.2,0.2273,0.69,0.1045,10,2.0
3,6,0,2,1,1,0.2,0.2576,0.59,0.0,45,10.0
3,7,0,2,1,1,0.18,0.197,0.64,0.1343,128,45.0
3,8,0,2,1,1,0.22,0.2273,0.55,0.194,257,128.0
3,9,0,2,1,1,0.26,0.2576,0.41,0.1642,151,257.0
3,10,0,2,1,2,0.3,0.2879,0.33,0.194,71,151.0
3,11,0,2,1,2,0.36,0.3485,0.25,0.1642,78,71.0
3,12,0,2,1,2,0.36,0.3788,0.23,0.0,99,78.0
3,13,0,2,1,2,0.38,0.3939,0.25,0.1045,98,99.0
3,14,0,2,1,2,0.38,0.3939,0.2,0.0,72,98.0
3,15,0,2,1,2,0.36,0.3788,0.18,0.0,112,72.0
3,16,0,2,1,1,0.38,0.3939,0.27,0.1642,108,112.0
3,17,0,2,1,1,0.36,0.3485,0.27,0.2239,248,108.0
3,18,0,2,1,1,0.34,0.3333,0.27,0.194,235,248.0
3,19,0,2,1,1,0.34,0.3485,0.31,0.1045,150,235.0
3,20,0,2,1,1,0.32,0.3333,0.39,0.0896,76,150.0
3,21,0,2,1,1,0.3,0.2879,0.49,0.194,75,76.0
3,22,0,2,1,1,0.3,0.2879,0.49,0.2239,55,75.0
3,23,0,2,1,1,0.28,0.2727,0.61,0.194,41,55.0
3,0,0,3,1,1,0.26,0.2879,0.65,0.0896,9,41.0
3,1,0,3,1,1,0.26,0.2727,0.52,0.1343,4,9.0
3,2,0,3,1,1,0.26,0.2727,0.52,0.1343,2,4.0
3,3,0,3,1,1,0.24,0.2576,0.7,0.0896,3,2.0
3,4,0,3,1,1,0.24,0.2576,0.75,0.1045,2,3.0
3,5,0,3,1,2,0.24,0.2424,0.81,0.1343,8,2.0
3,6,0,3,1,2,0.24,0.2576,0.85,0.1045,49,8.0
3,7,0,3,1,2,0.24,0.2424,0.87,0.1642,141,49.0
3,8,0,3,1,2,0.24,0.2424,0.87,0.1343,249,141.0
3,9,0,3,1,2,0.26,0.2424,0.87,0.2537,141,249.0
3,10,0,3,1,2,0.3,0.2879,0.75,0.2537,57,141.0
3,11,0,3,1,2,0.32,0.2879,0.76,0.3881,59,57.0
3,12,0,3,1,2,0.32,0.303,0.76,0.2537,98,59.0
3,13,0,3,1,2,0.32,0.2879,0.76,0.3582,99,98.0
3,14,0,3,1,2,0.34,0.303,0.76,0.2985,71,99.0
3,15,0,3,1,2,0.36,0.3333,0.71,0.2985,79,71.0
3,16,0,3,1,2,0.34,0.303,0.76,0.3284,112,79.0
3,17,0,3,1,2,0.34,0.303,0.76,0.2985,194,112.0
3,18,0,3,1,2,0.34,0.3182,0.76,0.2537,188,194.0
3,19,0,3,1,2,0.34,0.303,0.76,0.3284,134,188.0
3,20,0,3,1,2,0.32,0.3182,0.87,0.194,91,134.0
3,21,0,3,1,2,0.32,0.303,0.93,0.3284,62,91.0
3,22,0,3,1,3,0.32,0.3182,0.93,0.1642,21,62.0
3,23,0,3,1,3,0.34,0.3333,0.93,0.194,18,21.0
3,0,0,4,1,3,0.34,0.3182,0.0,0.2537,3,18.0
3,1,0,4,1,3,0.34,0.3182,0.0,0.2537,2,3.0
3,2,0,4,1,3,0.34,0.3182,0.0,0.2537,1,2.0
3,5,0,4,1,3,0.36,0.3485,0.0,0.194,3,1.0
3,6,0,4,1,3,0.36,0.3333,0.0,0.3284,12,3.0
3,7,0,4,1,3,0.38,0.3939,0.0,0.2239,37,12.0
3,8,0,4,1,3,0.38,0.3939,0.0,0.2836,44,37.0
3,9,0,4,1,3,0.4,0.4091,0.0,0.2239,24,44.0
3,10,0,4,1,3,0.4,0.4091,0.0,0.1642,17,24.0
3,11,0,4,1,3,0.4,0.4091,0.0,0.2537,11,17.0
3,12,0,4,1,3,0.42,0.4242,0.0,0.2239,34,11.0
3,13,0,4,1,3,0.42,0.4242,0.0,0.2239,12,34.0
3,14,0,4,1,3,0.44,0.4394,0.0,0.2985,12,12.0
3,15,0,4,1,3,0.44,0.4394,0.0,0.2239,14,12.0
3,16,0,4,1,3,0.42,0.4242,0.0,0.2537,21,14.0
3,17,0,4,1,2,0.44,0.4394,0.0,0.3881,111,21.0
3,18,0,4,1,3,0.44,0.4394,0.0,0.3582,82,111.0
3,19,0,4,1,3,0.44,0.4394,0.0,0.5821,56,82.0
3,20,0,4,1,3,0.36,0.3333,0.0,0.3284,38,56.0
3,21,0,4,1,3,0.36,0.3485,0.0,0.2239,28,38.0
3,22,0,4,1,2,0.34,0.3333,0.0,0.1343,34,28.0
3,23,0,4,1,3,0.34,0.3485,0.0,0.0896,27,34.0
3,0,0,5,1,2,0.34,0.3485,1.0,0.0896,6,27.0
3,1,0,5,1,3,0.34,0.3485,1.0,0.1045,8,6.0
3,2,0,5,1,3,0.34,0.3485,1.0,0.1045,5,8.0
3,3,0,5,1,2,0.32,0.3333,0.93,0.0896,2,5.0
3,5,0,5,1,1,0.3,0.2879,0.81,0.2239,7,2.0
3,6,0,5,1,1,0.26,0.2424,0.81,0.2836,32,7.0
3,7,0,5,1,1,0.26,0.2576,0.7,0.194,114,32.0
3,8,0,5,1,1,0.28,0.2727,0.7,0.2537,259,114.0
3,9,0,5,1,2,0.3,0.2879,0.61,0.2836,156,259.0
3,10,0,5,1,2,0.32,0.303,0.57,0.2985,78,156.0
3,11,0,5,1,2,0.32,0.303,0.57,0.2985,81,78.0
3,12,0,5,1,2,0.34,0.3182,0.53,0.2537,111,81.0
3,13,0,5,1,1,0.36,0.3333,0.53,0.2537,107,111.0
3,14,0,5,1,2,0.36,0.3333,0.5,0.3582,89,107.0
3,15,0,5,1,2,0.34,0.3182,0.53,0.2537,85,89.0
3,16,0,5,1,2,0.34,0.303,0.49,0.2985,113,85.0
3,17,0,5,1,1,0.34,0.3182,0.49,0.2239,223,113.0
3,18,0,5,1,1,0.32,0.303,0.49,0.3284,153,223.0
3,19,0,5,1,1,0.3,0.2727,0.56,0.3284,118,153.0
3,20,0,5,1,1,0.3,0.303,0.56,0.1642,76,118.0
3,21,0,5,1,2,0.3,0.2879,0.52,0.2537,53,76.0
3,22,0,5,1,1,0.3,0.303,0.52,0.1642,64,53.0
3,23,0,5,1,1,0.3,0.2879,0.52,0.2537,37,64.0
3,0,0,6,0,1,0.26,0.2727,0.6,0.1343,34,37.0
3,1,0,6,0,1,0.24,0.2273,0.65,0.194,18,34.0
3,2,0,6,0,1,0.24,0.2273,0.65,0.194,14,18.0
3,3,0,6,0,1,0.24,0.2273,0.65,0.2537,7,14.0
3,4,0,6,0,1,0.24,0.2273,0.65,0.2537,1,7.0
3,5,0,6,0,1,0.22,0.2273,0.69,0.194,2,1.0
3,6,0,6,0,1,0.22,0.2121,0.75,0.2537,4,2.0
3,7,0,6,0,1,0.24,0.2273,0.7,0.194,23,4.0
3,8,0,6,0,1,0.26,0.2576,0.65,0.1642,53,23.0
3,9,0,6,0,1,0.28,0.2879,0.65,0.1045,101,53.0
3,10,0,6,0,1,0.32,0.303,0.66,0.2239,99,101.0
3,11,0,6,0,1,0.34,0.303,0.49,0.3284,119,99.0
3,12,0,6,0,1,0.34,0.3182,0.53,0.2836,158,119.0
3,13,0,6,0,1,0.36,0.3333,0.51,0.3582,157,158.0
3,14,0,6,0,1,0.4,0.4091,0.5,0.4478,166,157.0
3,15,0,6,0,1,0.42,0.4242,0.44,0.4925,182,166.0
3,16,0,6,0,1,0.46,0.4545,0.41,0.4478,244,182.0
3,17,0,6,0,1,0.46,0.4545,0.44,0.3284,213,244.0
3,18,0,6,0,1,0.42,0.4242,0.54,0.1642,145,213.0
3,19,0,6,0,1,0.42,0.4242,0.54,0.0896,112,145.0
3,20,0,6,0,1,0.4,0.4091,0.58,0.1045,86,112.0
3,21,0,6,0,1,0.38,0.3939,0.62,0.0,82,86.0
3,22,0,6,0,1,0.36,0.3788,0.71,0.0,63,82.0
3,23,0,6,0,1,0.38,0.3939,0.66,0.0896,49,63.0
3,0,0,0,0,1,0.38,0.3939,0.62,0.1045,38,49.0
3,1,0,0,0,1,0.36,0.3485,0.66,0.1343,33,38.0
3,3,0,0,0,1,0.34,0.3333,0.76,0.1343,23,33.0
3,4,0,0,0,1,0.34,0.3333,0.66,0.1642,13,23.0
3,5,0,0,0,1,0.36,0.3485,0.62,0.1343,3,13.0
3,6,0,0,0,1,0.34,0.3636,0.66,0.0,2,3.0
3,7,0,0,0,1,0.36,0.3485,0.62,0.194,10,2.0
3,8,0,0,0,1,0.4,0.4091,0.5,0.2985,34,10.0
3,9,0,0,0,1,0.4,0.4091,0.5,0.4179,44,34.0
3,10,0,0,0,1,0.42,0.4242,0.47,0.2537,122,44.0
3,11,0,0,0,1,0.44,0.4394,0.41,0.4179,181,122.0
3,12,0,0,0,1,0.46,0.4545,0.38,0.3881,194,181.0
3,13,0,0,0,1,0.46,0.4545,0.38,0.3881,221,194.0
3,14,0,0,0,1,0.46,0.4545,0.41,0.2985,250,221.0
3,15,0,0,0,1,0.48,0.4697,0.39,0.3284,304,250.0
3,16,0,0,0,1,0.46,0.4545,0.41,0.3881,256,304.0
3,17,0,0,0,1,0.44,0.4394,0.41,0.3582,241,256.0
3,18,0,0,0,1,0.4,0.4091,0.43,0.3582,147,241.0
3,19,0,0,0,1,0.36,0.3333,0.5,0.3582,101,147.0
3,20,0,0,0,1,0.32,0.303,0.57,0.2985,77,101.0
3,21,0,0,0,1,0.3,0.2879,0.56,0.2537,58,77.0
3,22,0,0,0,1,0.3,0.2727,0.56,0.3284,37,58.0
3,23,0,0,0,1,0.26,0.2576,0.65,0.2239,28,37.0
3,0,0,1,1,1,0.26,0.2727,0.65,0.1045,11,28.0
3,1,0,1,1,1,0.26,0.2879,0.65,0.0896,1,11.0
3,2,0,1,1,1,0.26,0.2879,0.65,0.0896,1,1.0
3,3,0,1,1,1,0.26,0.2727,0.65,0.1343,3,1.0
3,5,0,1,1,1,0.24,0.2424,0.7,0.1343,8,3.0
3,6,0,1,1,1,0.26,0.2727,0.65,0.1343,28,8.0
3,7,0,1,1,2,0.28,0.3182,0.61,0.0,88,28.0
3,8,0,1,1,2,0.3,0.303,0.56,0.1343,241,88.0
3,9,0,1,1,1,0.32,0.303,0.53,0.3284,140,241.0
3,10,0,1,1,1,0.34,0.3182,0.42,0.2537,84,140.0
3,11,0,1,1,1,0.36,0.3333,0.4,0.2537,71,84.0
3,12,0,1,1,1,0.38,0.3939,0.37,0.0,94,71.0
3,13,0,1,1,1,0.38,0.3939,0.36,0.3284,75,94.0
3,14,0,1,1,2,0.38,0.3939,0.34,0.0,79,75.0
3,15,0,1,1,1,0.38,0.3939,0.37,0.1642,101,79.0
3,16,0,1,1,1,0.4,0.4091,0.35,0.1045,107,101.0
3,17,0,1,1,1,0.38,0.3939,0.4,0.194,271,107.0
3,18,0,1,1,1,0.36,0.3636,0.4,0.1045,235,271.0
3,19,0,1,1,1,0.36,0.3485,0.43,0.1343,150,235.0
3,20,0,1,1,1,0.34,0.3182,0.46,0.2239,129,150.0
3,21,0,1,1,1,0.34,0.3333,0.46,0.1343,63,129.0
3,22,0,1,1,1,0.32,0.3333,0.49,0.1045,47,63.0
3,23,0,1,1,1,0.32,0.3485,0.53,0.0,19,47.0
3,0,0,2,1,1,0.32,0.3485,0.53,0.0,14,19.0
3,1,0,2,1,1,0.3,0.303,0.62,0.0896,10,14.0
3,2,0,2,1,1,0.3,0.303,0.62,0.0896,3,10.0
3,4,0,2,1,1,0.24,0.2576,0.75,0.0896,2,3.0
3,5,0,2,1,1,0.24,0.2273,0.75,0.194,11,2.0
3,6,0,2,1,1,0.22,0.2273,0.8,0.194,35,11.0
3,7,0,2,1,1,0.24,0.2424,0.75,0.1642,119,35.0
3,8,0,2,1,1,0.26,0.2879,0.7,0.0896,282,119.0
3,9,0,2,1,2,0.3,0.3333,0.7,0.0,157,282.0
3,10,0,2,1,2,0.32,0.3182,0.66,0.194,78,157.0
3,11,0,2,1,2,0.34,0.3182,0.57,0.2239,78,78.0
3,12,0,2,1,2,0.36,0.3485,0.5,0.2239,102,78.0
3,13,0,2,1,2,0.36,0.3333,0.57,0.2836,97,102.0
3,14,0,2,1,2,0.38,0.3939,0.46,0.2985,88,97.0
3,15,0,2,1,2,0.38,0.3939,0.43,0.2836,90,88.0
3,16,0,2,1,2,0.38,0.3939,0.46,0.3284,114,90.0
3,17,0,2,1,2,0.36,0.3485,0.62,0.194,217,114.0
3,18,0,2,1,2,0.36,0.3333,0.62,0.2985,225,217.0
3,19,0,2,1,2,0.34,0.3182,0.71,0.2836,152,225.0
3,20,0,2,1,2,0.34,0.3182,0.71,0.2836,88,152.0
3,21,0,2,1,3,0.32,0.3333,0.81,0.1045,55,88.0
3,22,0,2,1,2,0.32,0.3182,0.87,0.1642,21,55.0
3,23,0,2,1,2,0.32,0.3182,0.87,0.1642,18,21.0
3,0,0,3,1,3,0.3,0.2879,0.93,0.2537,8,18.0
3,1,0,3,1,3,0.3,0.2727,1.0,0.2985,3,8.0
3,3,0,3,1,2,0.28,0.2727,1.0,0.2239,3,3.0
3,4,0,3,1,2,0.3,0.303,0.93,0.1642,1,3.0
3,5,0,3,1,2,0.3,0.3182,0.93,0.1045,3,1.0
3,6,0,3,1,2,0.3,0.3182,0.93,0.1045,31,3.0
3,7,0,3,1,2,0.3,0.2879,0.93,0.194,111,31.0
3,8,0,3,1,2,0.32,0.3182,0.93,0.0,253,111.0
3,9,0,3,1,2,0.32,0.3333,0.93,0.1343,154,253.0
3,10,0,3,1,2,0.36,0.3485,0.81,0.1642,68,154.0
3,11,0,3,1,2,0.36,0.3485,0.81,0.1343,75,68.0
3,12,0,3,1,2,0.4,0.4091,0.71,0.1045,88,75.0
3,13,0,3,1,2,0.4,0.4091,0.76,0.1343,99,88.0
3,14,0,3,1,2,0.4,0.4091,0.76,0.2239,100,99.0
3,15,0,3,1,2,0.4,0.4091,0.76,0.2537,101,100.0
3,16,0,3,1,2,0.4,0.4091,0.76,0.1642,151,101.0
3,17,0,3,1,2,0.44,0.4394,0.54,0.2985,253,151.0
3,18,0,3,1,2,0.44,0.4394,0.54,0.2239,237,253.0
3,19,0,3,1,2,0.44,0.4394,0.51,0.3284,168,237.0
3,20,0,3,1,2,0.42,0.4242,0.54,0.2985,121,168.0
3,21,0,3,1,2,0.42,0.4242,0.58,0.2836,78,121.0
3,22,0,3,1,2,0.4,0.4091,0.62,0.3881,59,78.0
3,23,0,3,1,1,0.4,0.4091,0.65,0.194,27,59.0
3,0,0,4,1,1,0.38,0.3939,0.66,0.2537,23,27.0
3,1,0,4,1,1,0.36,0.3485,0.71,0.2239,12,23.0
3,2,0,4,1,1,0.34,0.303,0.71,0.2985,8,12.0
3,3,0,4,1,1,0.34,0.3333,0.66,0.1642,2,8.0
3,4,0,4,1,1,0.34,0.3333,0.71,0.194,3,2.0
3,5,0,4,1,1,0.32,0.3333,0.76,0.1045,13,3.0
3,6,0,4,1,1,0.32,0.3182,0.76,0.194,51,13.0
3,7,0,4,1,1,0.32,0.3333,0.76,0.1343,140,51.0
3,8,0,4,1,1,0.36,0.3485,0.66,0.1343,299,140.0
3,9,0,4,1,1,0.4,0.4091,0.62,0.2537,185,299.0
3,10,0,4,1,1,0.44,0.4394,0.54,0.3284,78,185.0
3,11,0,4,1,1,0.44,0.4394,0.54,0.2836,86,78.0
3,12,0,4,1,1,0.5,0.4848,0.45,0.2239,105,86.0
3,13,0,4,1,2,0.52,0.5,0.42,0.0896,111,105.0
3,14,0,4,1,1,0.5,0.4848,0.45,0.1045,119,111.0
3,15,0,4,1,1,0.52,0.5,0.42,0.2537,125,119.0
3,16,0,4,1,1,0.5,0.4848,0.48,0.2836,142,125.0
3,17,0,4,1,1,0.5,0.4848,0.42,0.194,313,142.0
3,18,0,4,1,2,0.46,0.4545,0.59,0.1642,310,313.0
3,19,0,4,1,1,0.44,0.4394,0.58,0.194,207,310.0
3,20,0,4,1,1,0.42,0.4242,0.67,0.2239,137,207.0
3,21,0,4,1,1,0.42,0.4242,0.62,0.2239,138,137.0
3,22,0,4,1,1,0.4,0.4091,0.66,0.2239,87,138.0
3,23,0,4,1,1,0.42,0.4242,0.62,0.2836,50,87.0
3,0,0,5,1,1,0.42,0.4242,0.58,0.2836,29,50.0
3,1,0,5,1,1,0.4,0.4091,0.62,0.2537,16,29.0
3,2,0,5,1,1,0.4,0.4091,0.62,0.194,14,16.0
3,3,0,5,1,1,0.36,0.3485,0.71,0.194,5,14.0
3,5,0,5,1,1,0.38,0.3939,0.66,0.1642,10,5.0
3,6,0,5,1,1,0.4,0.4091,0.66,0.194,36,10.0
3,7,0,5,1,1,0.4,0.4091,0.66,0.194,123,36.0
3,8,0,5,1,1,0.42,0.4242,0.67,0.2537,280,123.0
3,9,0,5,1,1,0.46,0.4545,0.63,0.2239,210,280.0
3,10,0,5,1,1,0.52,0.5,0.53,0.2836,117,210.0
3,11,0,5,1,1,0.54,0.5152,0.52,0.2836,159,117.0
3,12,0,5,1,2,0.56,0.5303,0.49,0.3582,195,159.0
3,13,0,5,1,1,0.64,0.6212,0.41,0.2836,175,195.0
3,14,0,5,1,1,0.66,0.6212,0.39,0.2537,174,175.0
3,15,0,5,1,2,0.68,0.6364,0.39,0.3582,173,174.0
3,16,0,5,1,1,0.68,0.6364,0.39,0.2836,204,173.0
3,17,0,5,1,1,0.7,0.6364,0.37,0.3284,332,204.0
3,18,0,5,1,1,0.68,0.6364,0.39,0.1642,331,332.0
3,19,0,5,1,1,0.66,0.6212,0.44,0.1343,190,331.0
3,20,0,5,1,1,0.62,0.6212,0.46,0.1343,149,190.0
3,21,0,5,1,1,0.62,0.6212,0.46,0.1045,113,149.0
3,22,0,5,1,1,0.62,0.6212,0.5,0.1642,118,113.0
3,23,0,5,1,2,0.6,0.6212,0.53,0.2239,86,118.0
3,0,0,6,0,2,0.6,0.6212,0.53,0.2537,76,86.0
3,1,0,6,0,2,0.58,0.5455,0.46,0.3582,51,76.0
3,2,0,6,0,2,0.56,0.5303,0.43,0.2239,25,51.0
3,3,0,6,0,2,0.54,0.5152,0.39,0.3284,8,25.0
3,4,0,6,0,1,0.52,0.5,0.34,0.4179,3,8.0
3,5,0,6,0,1,0.52,0.5,0.34,0.4179,2,3.0
3,6,0,6,0,1,0.44,0.4394,0.44,0.4179,10,2.0
3,7,0,6,0,1,0.4,0.4091,0.5,0.3284,13,10.0
3,8,0,6,0,1,0.42,0.4242,0.47,0.4925,48,13.0
3,9,0,6,0,1,0.42,0.4242,0.44,0.4627,76,48.0
3,10,0,6,0,1,0.44,0.4394,0.38,0.4179,140,76.0
3,11,0,6,0,1,0.46,0.4545,0.36,0.4478,196,140.0
3,12,0,6,0,1,0.46,0.4545,0.33,0.4179,267,196.0
3,13,0,6,0,1,0.5,0.4848,0.34,0.4627,301,267.0
3,14,0,6,0,1,0.5,0.4848,0.31,0.4925,312,301.0
3,15,0,6,0,1,0.5,0.4848,0.29,0.4179,313,312.0
3,16,0,6,0,1,0.5,0.4848,0.31,0.3881,304,313.0
3,17,0,6,0,1,0.48,0.4697,0.31,0.3284,278,304.0
3,18,0,6,0,1,0.46,0.4545,0.31,0.3284,217,278.0
3,19,0,6,0,1,0.44,0.4394,0.33,0.2836,154,217.0
3,20,0,6,0,1,0.42,0.4242,0.35,0.2239,108,154.0
3,21,0,6,0,1,0.4,0.4091,0.37,0.2985,93,108.0
3,22,0,6,0,1,0.4,0.4091,0.37,0.3284,72,93.0
3,23,0,6,0,1,0.38,0.3939,0.4,0.2985,50,72.0
3,0,0,0,0,1,0.34,0.303,0.49,0.4179,40,50.0
3,1,0,0,0,1,0.32,0.2879,0.53,0.3582,24,40.0
3,2,0,0,0,1,0.3,0.2879,0.52,0.2836,30,24.0
3,3,0,0,0,1,0.28,0.2727,0.56,0.2537,12,30.0
3,4,0,0,0,1,0.26,0.2576,0.56,0.2239,3,12.0
3,5,0,0,0,1,0.26,0.2576,0.6,0.194,9,3.0
3,6,0,0,0,1,0.26,0.2576,0.6,0.2239,4,9.0
3,7,0,0,0,1,0.24,0.2273,0.6,0.2239,14,4.0
3,8,0,0,0,1,0.28,0.2727,0.56,0.1642,37,14.0
3,9,0,0,0,1,0.3,0.303,0.52,0.1343,78,37.0
3,10,0,0,0,2,0.32,0.3485,0.45,0.0,136,78.0
3,11,0,0,0,1,0.34,0.3485,0.39,0.1045,203,136.0
3,12,0,0,0,1,0.36,0.3636,0.4,0.1045,228,203.0
3,13,0,0,0,1,0.38,0.3939,0.34,0.0,203,228.0
3,14,0,0,0,1,0.4,0.4091,0.3,0.0,279,203.0
3,15,0,0,0,1,0.4,0.4091,0.32,0.0896,308,279.0
3,16,0,0,0,1,0.42,0.4242,0.32,0.0,224,308.0
3,17,0,0,0,1,0.4,0.4091,0.35,0.2836,226,224.0
3,18,0,0,0,1,0.38,0.3939,0.4,0.3582,156,226.0
3,19,0,0,0,1,0.36,0.3333,0.43,0.2836,79,156.0
3,20,0,0,0,1,0.36,0.3333,0.46,0.2836,67,79.0
3,21,0,0,0,2,0.34,0.3182,0.53,0.2836,49,67.0
3,22,0,0,0,2,0.34,0.303,0.53,0.3284,38,49.0
3,23,0,0,0,3,0.34,0.303,0.61,0.3881,24,38.0
3,0,0,1,1,3,0.34,0.303,0.66,0.3881,13,24.0
3,1,0,1,1,2,0.34,0.303,0.71,0.3881,7,13.0
3,2,0,1,1,2,0.34,0.303,0.71,0.3284,6,7.0
3,3,0,1,1,2,0.34,0.303,0.71,0.3284,1,6.0
3,5,0,1,1,1,0.32,0.303,0.81,0.2985,2,1.0
3,6,0,1,1,3,0.32,0.303,0.76,0.2537,32,2.0
3,7,0,1,1,3,0.3,0.2727,0.87,0.4179,18,32.0
3,8,0,1,1,2,0.3,0.2727,0.87,0.4179,98,18.0
3,9,0,1,1,2,0.34,0.303,0.81,0.3284,127,98.0
3,10,0,1,1,2,0.38,0.3939,0.76,0.3881,62,127.0
3,11,0,1,1,2,0.42,0.4242,0.71,0.2985,79,62.0
3,12,0,1,1,2,0.44,0.4394,0.77,0.2537,81,79.0
3,13,0,1,1,2,0.5,0.4848,0.63,0.2239,112,81.0
3,14,0,1,1,2,0.54,0.5152,0.64,0.2239,101,112.0
3,15,0,1,1,2,0.56,0.5303,0.6,0.2239,107,101.0
3,16,0,1,1,2,0.54,0.5152,0.64,0.2836,141,107.0
3,17,0,1,1,2,0.54,0.5152,0.64,0.2537,272,141.0
3,18,0,1,1,2,0.52,0.5,0.72,0.2239,276,272.0
3,19,0,1,1,1,0.58,0.5455,0.6,0.4179,221,276.0
3,20,0,1,1,1,0.56,0.5303,0.64,0.194,122,221.0
3,21,0,1,1,1,0.46,0.4545,0.94,0.194,91,122.0
3,22,0,1,1,1,0.46,0.4545,0.88,0.2239,78,91.0
3,23,0,1,1,1,0.46,0.4545,0.88,0.0896,30,78.0
3,0,0,2,1,1,0.46,0.4545,0.88,0.194,11,30.0
3,1,0,2,1,1,0.42,0.4242,1.0,0.1343,19,11.0
3,2,0,2,1,1,0.44,0.4394,0.94,0.0896,1,19.0
3,3,0,2,1,1,0.44,0.4394,0.82,0.2239,5,1.0
3,4,0,2,1,2,0.42,0.4242,0.82,0.1642,1,5.0
3,5,0,2,1,2,0.4,0.4091,0.87,0.1343,12,1.0
3,6,0,2,1,1,0.4,0.4091,0.87,0.2537,60,12.0
3,7,0,2,1,2,0.4,0.4091,0.76,0.1045,136,60.0
3,8,0,2,1,2,0.4,0.4091,0.58,0.2985,336,136.0
3,9,0,2,1,2,0.4,0.4091,0.58,0.4627,178,336.0
3,10,0,2,1,2,0.44,0.4394,0.54,0.2985,124,178.0
3,11,0,2,1,1,0.44,0.4394,0.51,0.3284,86,124.0
3,12,0,2,1,1,0.46,0.4545,0.47,0.2537,121,86.0
3,13,0,2,1,1,0.5,0.4848,0.45,0.2239,106,121.0
3,14,0,2,1,1,0.5,0.4848,0.42,0.3284,101,106.0
3,15,0,2,1,1,0.5,0.4848,0.42,0.2239,134,101.0
3,16,0,2,1,1,0.5,0.4848,0.42,0.1045,165,134.0
3,17,0,2,1,1,0.5,0.4848,0.42,0.1045,307,165.0
3,18,0,2,1,1,0.48,0.4697,0.44,0.0896,312,307.0
3,19,0,2,1,2,0.44,0.4394,0.54,0.2537,164,312.0
3,20,0,2,1,2,0.44,0.4394,0.54,0.3582,135,164.0
3,21,0,2,1,2,0.42,0.4242,0.54,0.2836,87,135.0
3,22,0,2,1,2,0.4,0.4091,0.58,0.2537,70,87.0
3,23,0,2,1,2,0.4,0.4091,0.58,0.2537,32,70.0
3,0,0,3,1,3,0.36,0.3485,0.71,0.2239,11,32.0
3,1,0,3,1,3,0.34,0.3182,0.76,0.2239,7,11.0
3,2,0,3,1,3,0.34,0.3182,0.76,0.2239,2,7.0
3,3,0,3,1,2,0.34,0.3182,0.76,0.2537,3,2.0
3,5,0,3,1,3,0.32,0.3182,0.87,0.194,10,3.0
3,6,0,3,1,2,0.34,0.3182,0.87,0.2537,44,10.0
3,7,0,3,1,2,0.32,0.303,0.93,0.2239,118,44.0
3,8,0,3,1,2,0.32,0.3182,0.87,0.194,261,118.0
3,9,0,3,1,2,0.32,0.303,0.81,0.2537,182,261.0
3,10,0,3,1,2,0.34,0.3182,0.81,0.2836,75,182.0
3,11,0,3,1,2,0.34,0.3333,0.87,0.194,71,75.0
3,12,0,3,1,2,0.34,0.3182,0.87,0.2239,87,71.0
3,13,0,3,1,3,0.34,0.3333,0.87,0.1343,108,87.0
3,14,0,3,1,2,0.36,0.3636,0.87,0.1045,84,108.0
3,15,0,3,1,2,0.38,0.3939,0.82,0.2239,85,84.0
3,16,0,3,1,2,0.4,0.4091,0.76,0.2239,136,85.0
3,17,0,3,1,2,0.4,0.4091,0.76,0.2239,273,136.0
3,18,0,3,1,3,0.38,0.3939,0.82,0.2537,238,273.0
3,19,0,3,1,3,0.38,0.3939,0.82,0.2537,159,238.0
3,20,0,3,1,3,0.36,0.303,0.87,0.6418,75,159.0
3,21,0,3,1,3,0.32,0.2879,1.0,0.4179,22,75.0
3,22,0,3,1,2,0.32,0.3182,0.93,0.1642,44,22.0
3,23,0,3,1,3,0.32,0.3333,0.9,0.0,26,44.0
3,0,0,4,1,2,0.32,0.303,0.93,0.2239,11,26.0
3,1,0,4,1,2,0.3,0.2879,1.0,0.2239,3,11.0
3,2,0,4,1,2,0.3,0.2879,1.0,0.2537,6,3.0
3,3,0,4,1,2,0.28,0.2727,1.0,0.194,1,6.0
3,4,0,4,1,2,0.28,0.2727,1.0,0.194,1,1.0
3,5,0,4,1,2,0.28,0.2727,0.93,0.2239,9,1.0
3,6,0,4,1,2,0.28,0.2727,0.93,0.2239,41,9.0
3,7,0,4,1,3,0.26,0.2576,1.0,0.2239,108,41.0
3,8,0,4,1,3,0.26,0.2273,1.0,0.2985,124,108.0
3,9,0,4,1,2,0.26,0.2576,0.93,0.2239,97,124.0
3,10,0,4,1,2,0.26,0.2273,0.93,0.3284,65,97.0
3,11,0,4,1,2,0.3,0.2727,0.81,0.2985,71,65.0
3,12,0,4,1,2,0.3,0.2727,0.7,0.3284,94,71.0
3,13,0,4,1,2,0.32,0.303,0.7,0.2239,101,94.0
3,14,0,4,1,2,0.3,0.303,0.7,0.1343,83,101.0
3,15,0,4,1,2,0.3,0.2879,0.7,0.2537,90,83.0
3,16,0,4,1,2,0.3,0.2879,0.65,0.2239,84,90.0
3,17,0,4,1,2,0.3,0.2879,0.7,0.2239,233,84.0
3,18,0,4,1,2,0.3,0.2727,0.61,0.2985,214,233.0
3,19,0,4,1,1,0.3,0.2727,0.56,0.3881,138,214.0
3,20,0,4,1,1,0.28,0.2576,0.61,0.2836,118,138.0
3,21,0,4,1,1,0.26,0.2576,0.65,0.2239,78,118.0
3,22,0,4,1,1,0.26,0.2576,0.65,0.1642,62,78.0
3,23,0,4,1,1,0.24,0.2273,0.65,0.194,33,62.0
3,0,0,5,1,1,0.24,0.2273,0.6,0.194,18,33.0
3,1,0,5,1,1,0.2,0.2121,0.69,0.1642,5,18.0
3,2,0,5,1,1,0.2,0.197,0.69,0.2239,5,5.0
3,3,0,5,1,1,0.2,0.2273,0.69,0.1045,2,5.0
3,4,0,5,1,1,0.18,0.2121,0.74,0.1045,5,2.0
3,5,0,5,1,1,0.18,0.197,0.74,0.1642,9,5.0
3,6,0,5,1,1,0.18,0.1818,0.74,0.2239,32,9.0
3,7,0,5,1,1,0.2,0.1818,0.59,0.3582,104,32.0
3,8,0,5,1,1,0.22,0.2121,0.51,0.2836,237,104.0
3,9,0,5,1,1,0.24,0.2121,0.48,0.2985,166,237.0
3,10,0,5,1,1,0.26,0.2576,0.48,0.0,68,166.0
3,11,0,5,1,1,0.3,0.2879,0.45,0.2836,75,68.0
3,12,0,5,1,1,0.32,0.303,0.42,0.2537,145,75.0
3,13,0,5,1,1,0.32,0.3182,0.39,0.194,138,145.0
3,14,0,5,1,1,0.36,0.3333,0.32,0.3284,133,138.0
3,15,0,5,1,2,0.34,0.3182,0.36,0.2537,122,133.0
3,16,0,5,1,2,0.34,0.303,0.34,0.2985,150,122.0
3,17,0,5,1,2,0.32,0.2879,0.36,0.3582,225,150.0
3,18,0,5,1,1,0.3,0.2879,0.39,0.2537,198,225.0
3,19,0,5,1,2,0.3,0.2879,0.36,0.2836,135,198.0
3,20,0,5,1,2,0.3,0.303,0.39,0.1343,81,135.0
3,21,0,5,1,2,0.3,0.303,0.39,0.1642,75,81.0
3,22,0,5,1,2,0.28,0.2576,0.38,0.3284,43,75.0
3,23,0,5,1,2,0.26,0.2424,0.38,0.2836,39,43.0
3,0,0,6,0,2,0.26,0.2424,0.38,0.2836,28,39.0
3,1,0,6,0,1,0.26,0.2273,0.38,0.2985,27,28.0
3,2,0,6,0,1,0.22,0.2121,0.44,0.2239,25,27.0
3,3,0,6,0,1,0.2,0.197,0.47,0.194,9,25.0
3,4,0,6,0,1,0.22,0.2121,0.44,0.2239,6,9.0
3,5,0,6,0,1,0.2,0.197,0.51,0.194,8,6.0
3,6,0,6,0,1,0.18,0.1818,0.55,0.194,10,8.0
3,7,0,6,0,1,0.2,0.197,0.51,0.194,41,10.0
3,8,0,6,0,1,0.22,0.2273,0.44,0.1343,66,41.0
3,9,0,6,0,1,0.24,0.2424,0.41,0.1343,100,66.0
3,10,0,6,0,1,0.26,0.2576,0.41,0.1642,125,100.0
3,11,0,6,0,1,0.28,0.2727,0.38,0.1642,168,125.0
3,12,0,6,0,1,0.3,0.2879,0.36,0.194,227,168.0
3,13,0,6,0,1,0.32,0.303,0.33,0.2239,239,227.0
3,14,0,6,0,1,0.34,0.3182,0.29,0.2239,216,239.0
3,15,0,6,0,1,0.34,0.3333,0.29,0.194,219,216.0
3,16,0,6,0,1,0.34,0.3333,0.23,0.194,248,219.0
3,17,0,6,0,1,0.32,0.303,0.24,0.2239,203,248.0
3,18,0,6,0,2,0.32,0.3182,0.21,0.1642,153,203.0
3,19,0,6,0,2,0.28,0.2727,0.45,0.2537,138,153.0
3,20,0,6,0,2,0.28,0.2727,0.45,0.2537,85,138.0
3,21,0,6,0,2,0.26,0.2576,0.44,0.194,51,85.0
3,22,0,6,0,2,0.28,0.2727,0.41,0.2239,63,51.0
3,23,0,6,0,2,0.26,0.2424,0.44,0.2836,41,63.0
3,0,0,0,0,2,0.26,0.2576,0.41,0.1642,31,41.0
3,1,0,0,0,2,0.24,0.2273,0.52,0.194,20,31.0
3,2,0,0,0,3,0.22,0.2273,0.55,0.194,21,20.0
3,3,0,0,0,3,0.2,0.197,0.69,0.2239,14,21.0
3,4,0,0,0,3,0.18,0.197,0.74,0.1642,6,14.0
3,6,0,0,0,3,0.16,0.1818,0.86,0.1343,2,6.0
3,7,0,0,0,3,0.16,0.1667,0.86,0.1642,7,2.0
3,8,0,0,0,1,0.2,0.197,0.69,0.2239,14,7.0
3,9,0,0,0,1,0.22,0.2273,0.55,0.1343,54,14.0
3,10,0,0,0,2,0.22,0.2121,0.55,0.2239,86,54.0
3,11,0,0,0,2,0.24,0.2424,0.48,0.1642,108,86.0
3,12,0,0,0,2,0.26,0.2576,0.44,0.2239,163,108.0
3,13,0,0,0,1,0.3,0.2879,0.39,0.2239,147,163.0
3,14,0,0,0,1,0.32,0.3182,0.36,0.1642,164,147.0
3,15,0,0,0,1,0.32,0.303,0.36,0.2836,172,164.0
3,16,0,0,0,1,0.34,0.3333,0.34,0.0,143,172.0
3,17,0,0,0,1,0.32,0.303,0.31,0.2537,159,143.0
3,18,0,0,0,1,0.3,0.2879,0.33,0.194,137,159.0
3,19,0,0,0,1,0.3,0.2879,0.31,0.2239,103,137.0
3,20,0,0,0,1,0.28,0.2727,0.36,0.1642,57,103.0
3,21,0,0,0,1,0.26,0.2576,0.41,0.1642,36,57.0
3,22,0,0,0,1,0.26,0.2576,0.41,0.1642,30,36.0
3,23,0,0,0,1,0.26,0.2576,0.44,0.194,19,30.0
3,0,0,1,1,1,0.22,0.2273,0.55,0.194,12,19.0
3,1,0,1,1,1,0.22,0.2273,0.44,0.194,6,12.0
3,2,0,1,1,1,0.22,0.2273,0.44,0.1642,5,6.0
3,3,0,1,1,1,0.22,0.2273,0.44,0.1642,2,5.0
3,5,0,1,1,1,0.18,0.1818,0.43,0.194,8,2.0
3,6,0,1,1,1,0.18,0.1667,0.34,0.2836,40,8.0
3,7,0,1,1,1,0.2,0.1818,0.32,0.3284,110,40.0
3,8,0,1,1,1,0.2,0.197,0.34,0.2239,254,110.0
3,9,0,1,1,2,0.22,0.2121,0.32,0.2239,121,254.0
3,10,0,1,1,1,0.24,0.2273,0.3,0.194,69,121.0
3,11,0,1,1,2,0.26,0.2424,0.3,0.2836,57,69.0
3,12,0,1,1,2,0.26,0.2727,0.25,0.0,79,57.0
3,13,0,1,1,2,0.3,0.2879,0.24,0.2239,83,79.0
3,14,0,1,1,1,0.32,0.303,0.22,0.2239,80,83.0
3,15,0,1,1,1,0.32,0.303,0.24,0.2836,72,80.0
3,16,0,1,1,1,0.34,0.3182,0.23,0.2239,132,72.0
3,17,0,1,1,1,0.34,0.303,0.23,0.2985,252,132.0
3,18,0,1,1,1,0.32,0.303,0.21,0.2836,241,252.0
3,19,0,1,1,1,0.3,0.303,0.22,0.1343,173,241.0
3,20,0,1,1,1,0.32,0.3333,0.22,0.1045,112,173.0
3,21,0,1,1,1,0.32,0.3333,0.21,0.1343,61,112.0
3,22,0,1,1,1,0.3,0.2879,0.22,0.2239,40,61.0
3,23,0,1,1,1,0.28,0.2576,0.24,0.2985,19,40.0
3,0,0,2,1,1,0.26,0.2273,0.28,0.3284,16,19.0
3,1,0,2,1,1,0.24,0.2121,0.32,0.2985,4,16.0
3,2,0,2,1,1,0.24,0.2121,0.32,0.2985,3,4.0
3,3,0,2,1,1,0.24,0.2121,0.32,0.2985,3,3.0
3,4,0,2,1,1,0.2,0.2121,0.44,0.1642,2,3.0
3,5,0,2,1,1,0.22,0.2121,0.37,0.2537,8,2.0
3,6,0,2,1,1,0.22,0.2121,0.41,0.2985,50,8.0
3,7,0,2,1,1,0.22,0.197,0.41,0.3582,133,50.0
3,8,0,2,1,1,0.24,0.2121,0.35,0.3582,287,133.0
3,9,0,2,1,1,0.28,0.2576,0.28,0.3881,172,287.0
3,10,0,2,1,1,0.3,0.2727,0.24,0.2985,59,172.0
3,11,0,2,1,2,0.34,0.303,0.25,0.3881,81,59.0
3,12,0,2,1,1,0.34,0.3333,0.25,0.1642,106,81.0
3,13,0,2,1,1,0.34,0.303,0.25,0.2985,104,106.0
3,14,0,2,1,1,0.36,0.3333,0.25,0.2537,86,104.0
3,15,0,2,1,1,0.38,0.3939,0.25,0.2239,87,86.0
3,16,0,2,1,1,0.38,0.3939,0.22,0.1642,136,87.0
3,17,0,2,1,1,0.4,0.4091,0.2,0.1343,299,136.0
3,18,0,2,1,1,0.36,0.3636,0.21,0.0896,294,299.0
3,19,0,2,1,1,0.34,0.3333,0.23,0.194,190,294.0
3,20,0,2,1,1,0.36,0.3636,0.21,0.0896,132,190.0
3,21,0,2,1,1,0.34,0.3636,0.42,0.0,83,132.0
3,22,0,2,1,1,0.34,0.3636,0.49,0.0,55,83.0
3,23,0,2,1,2,0.32,0.3333,0.57,0.1045,35,55.0
3,0,0,3,1,2,0.32,0.3485,0.57,0.0,11,35.0
3,1,0,3,1,1,0.32,0.3485,0.39,0.0,10,11.0
3,2,0,3,1,2,0.32,0.3485,0.57,0.0,4,10.0
3,3,0,3,1,2,0.32,0.3485,0.49,0.0,4,4.0
3,4,0,3,1,2,0.32,0.3485,0.57,0.0,1,4.0
3,5,0,3,1,2,0.3,0.2879,0.56,0.194,7,1.0
3,6,0,3,1,2,0.3,0.303,0.49,0.1343,48,7.0
3,7,0,3,1,2,0.32,0.3333,0.45,0.1045,136,48.0
3,8,0,3,1,2,0.32,0.3182,0.49,0.1642,263,136.0
3,9,0,3,1,2,0.32,0.303,0.45,0.2239,154,263.0
3,10,0,3,1,2,0.34,0.3182,0.46,0.2239,64,154.0
3,11,0,3,1,2,0.34,0.3182,0.46,0.2537,90,64.0
3,12,0,3,1,2,0.34,0.3333,0.46,0.1642,80,90.0
3,13,0,3,1,2,0.36,0.3485,0.46,0.2239,98,80.0
3,14,0,3,1,2,0.36,0.3333,0.46,0.2985,80,98.0
3,15,0,3,1,3,0.28,0.2576,0.81,0.2985,70,80.0
3,16,0,3,1,3,0.28,0.2727,0.87,0.2537,36,70.0
3,17,0,3,1,3,0.26,0.2727,0.93,0.1045,116,36.0
3,18,0,3,1,2,0.26,0.2576,0.93,0.2239,85,116.0
3,19,0,3,1,2,0.26,0.2576,0.93,0.2239,72,85.0
3,20,0,3,1,3,0.24,0.2121,0.93,0.2985,44,72.0
3,21,0,3,1,2,0.24,0.2273,0.93,0.2537,27,44.0
3,22,0,3,1,3,0.24,0.2273,0.93,0.2239,24,27.0
3,23,0,3,1,3,0.24,0.2121,0.93,0.2836,12,24.0
3,0,0,4,1,3,0.24,0.2273,0.93,0.2239,3,12.0
3,1,0,4,1,3,0.24,0.2273,0.93,0.194,5,3.0
3,2,0,4,1,3,0.24,0.2273,0.93,0.194,5,5.0
3,3,0,4,1,3,0.24,0.2273,0.93,0.2239,1,5.0
3,4,0,4,1,3,0.24,0.2273,0.93,0.2537,2,1.0
3,5,0,4,1,3,0.24,0.2273,0.93,0.2239,8,2.0
3,6,0,4,1,3,0.24,0.2121,0.93,0.2985,36,8.0
3,7,0,4,1,3,0.24,0.2273,0.93,0.2537,92,36.0
3,8,0,4,1,2,0.24,0.2273,1.0,0.2537,192,92.0
3,9,0,4,1,3,0.26,0.2424,0.93,0.2537,132,192.0
3,10,0,4,1,3,0.26,0.2424,0.93,0.2537,69,132.0
3,11,0,4,1,3,0.28,0.2727,0.93,0.194,58,69.0
3,12,0,4,1,3,0.28,0.2727,0.93,0.194,90,58.0
3,13,0,4,1,3,0.3,0.303,0.87,0.1343,68,90.0
3,14,0,4,1,3,0.3,0.303,0.87,0.1343,76,68.0
3,15,0,4,1,3,0.3,0.2727,0.87,0.2985,65,76.0
3,16,0,4,1,2,0.3,0.2879,0.87,0.2537,85,65.0
3,17,0,4,1,2,0.3,0.2879,0.87,0.2537,168,85.0
3,18,0,4,1,2,0.3,0.303,0.87,0.1343,177,168.0
3,19,0,4,1,2,0.3,0.303,0.87,0.1343,130,177.0
3,20,0,4,1,3,0.28,0.2576,0.93,0.2836,85,130.0
3,21,0,4,1,2,0.28,0.2727,0.93,0.1642,60,85.0
3,22,0,4,1,3,0.28,0.2727,0.93,0.2537,51,60.0
3,23,0,4,1,3,0.26,0.2576,1.0,0.1642,27,51.0
4,0,0,5,1,3,0.26,0.2576,1.0,0.1642,6,27.0
4,1,0,5,1,3,0.26,0.2576,1.0,0.1642,4,6.0
4,2,0,5,1,3,0.26,0.2576,0.93,0.194,7,4.0
4,3,0,5,1,2,0.24,0.2273,0.93,0.2537,4,7.0
4,4,0,5,1,2,0.24,0.2273,0.93,0.2537,3,4.0
4,5,0,5,1,3,0.24,0.2273,0.93,0.2239,12,3.0
4,6,0,5,1,3,0.24,0.2273,0.93,0.2239,28,12.0
4,7,0,5,1,3,0.24,0.2424,0.93,0.0,95,28.0
4,8,0,5,1,2,0.26,0.2424,0.87,0.2537,206,95.0
4,9,0,5,1,1,0.32,0.2879,0.7,0.3582,173,206.0
4,10,0,5,1,1,0.32,0.303,0.66,0.2836,75,173.0
4,11,0,5,1,1,0.32,0.2879,0.61,0.3582,89,75.0
4,12,0,5,1,1,0.34,0.303,0.53,0.3582,95,89.0
4,13,0,5,1,1,0.36,0.3333,0.5,0.3582,110,95.0
4,14,0,5,1,2,0.36,0.3333,0.46,0.3582,87,110.0
4,15,0,5,1,1,0.34,0.303,0.46,0.4179,111,87.0
4,16,0,5,1,1,0.34,0.303,0.46,0.4179,167,111.0
4,17,0,5,1,1,0.34,0.303,0.46,0.3284,281,167.0
4,18,0,5,1,1,0.34,0.303,0.46,0.3284,241,281.0
4,19,0,5,1,1,0.34,0.303,0.49,0.3284,136,241.0
4,20,0,5,1,1,0.32,0.3182,0.53,0.194,77,136.0
4,21,0,5,1,1,0.32,0.3333,0.53,0.1343,93,77.0
4,22,0,5,1,1,0.3,0.303,0.56,0.1642,74,93.0
4,23,0,5,1,1,0.3,0.3182,0.61,0.0896,53,74.0
4,0,0,6,0,2,0.3,0.3333,0.61,0.0,32,53.0
4,1,0,6,0,1,0.26,0.2727,0.65,0.1343,32,32.0
4,2,0,6,0,1,0.24,0.2424,0.75,0.1343,21,32.0
4,3,0,6,0,1,0.24,0.2424,0.7,0.1642,9,21.0
4,4,0,6,0,1,0.24,0.2424,0.7,0.1642,5,9.0
4,5,0,6,0,2,0.24,0.2424,0.75,0.1642,5,5.0
4,6,0,6,0,1,0.26,0.2727,0.7,0.1045,12,5.0
4,7,0,6,0,2,0.26,0.2727,0.7,0.1045,18,12.0
4,8,0,6,0,1,0.3,0.3182,0.7,0.1045,55,18.0
4,9,0,6,0,2,0.34,0.3485,0.66,0.1045,87,55.0
4,10,0,6,0,2,0.36,0.3485,0.57,0.1642,154,87.0
4,11,0,6,0,2,0.4,0.4091,0.47,0.1642,198,154.0
4,12,0,6,0,3,0.32,0.3333,0.81,0.1343,184,198.0
4,13,0,6,0,1,0.34,0.3333,0.81,0.1343,137,184.0
4,14,0,6,0,3,0.32,0.303,0.76,0.3284,190,137.0
4,15,0,6,0,3,0.34,0.303,0.76,0.3881,136,190.0
4,16,0,6,0,1,0.38,0.3939,0.62,0.3284,196,136.0
4,17,0,6,0,1,0.38,0.3939,0.54,0.3582,184,196.0
4,18,0,6,0,1,0.38,0.3939,0.54,0.194,179,184.0
4,19,0,6,0,1,0.36,0.3333,0.53,0.3582,148,179.0
4,20,0,6,0,1,0.34,0.3182,0.53,0.2836,85,148.0
4,21,0,6,0,1,0.32,0.303,0.61,0.2537,77,85.0
4,22,0,6,0,1,0.32,0.303,0.61,0.2985,55,77.0
4,23,0,6,0,1,0.32,0.3182,0.61,0.1642,53,55.0
4,0,0,0,0,1,0.3,0.2879,0.65,0.194,39,53.0
4,1,0,0,0,1,0.3,0.3182,0.61,0.1045,34,39.0
4,2,0,0,0,1,0.26,0.2727,0.7,0.1343,24,34.0
4,3,0,0,0,1,0.3,0.3333,0.61,0.0,11,24.0
4,4,0,0,0,1,0.28,0.303,0.7,0.0896,3,11.0
4,5,0,0,0,1,0.28,0.2727,0.65,0.2239,5,3.0
4,6,0,0,0,1,0.28,0.2727,0.65,0.194,33,5.0
4,7,0,0,0,1,0.32,0.303,0.57,0.2239,33,33.0
4,8,0,0,0,1,0.34,0.3333,0.57,0.1642,62,33.0
4,9,0,0,0,1,0.36,0.3182,0.5,0.4925,142,62.0
4,10,0,0,0,1,0.4,0.4091,0.43,0.4179,215,142.0
4,11,0,0,0,1,0.42,0.4242,0.41,0.2537,243,215.0
4,12,0,0,0,1,0.44,0.4394,0.38,0.2836,313,243.0
4,13,0,0,0,1,0.44,0.4394,0.33,0.2985,367,313.0
4,14,0,0,0,1,0.46,0.4545,0.31,0.1343,349,367.0
4,15,0,0,0,2,0.46,0.4545,0.33,0.0,292,349.0
4,16,0,0,0,2,0.46,0.4545,0.31,0.194,303,292.0
4,17,0,0,0,2,0.46,0.4545,0.28,0.1343,274,303.0
4,18,0,0,0,2,0.46,0.4545,0.31,0.0,172,274.0
4,19,0,0,0,2,0.42,0.4242,0.44,0.194,144,172.0
4,20,0,0,0,3,0.42,0.4242,0.41,0.2239,79,144.0
4,21,0,0,0,2,0.42,0.4242,0.44,0.2239,45,79.0
4,22,0,0,0,1,0.4,0.4091,0.43,0.1045,36,45.0
4,23,0,0,0,1,0.4,0.4091,0.5,0.0896,31,36.0
4,0,0,1,1,1,0.4,0.4091,0.5,0.2239,6,31.0
4,1,0,1,1,1,0.4,0.4091,0.56,0.3582,11,6.0
4,2,0,1,1,1,0.38,0.3939,0.66,0.2537,2,11.0
4,3,0,1,1,1,0.38,0.3939,0.66,0.2836,1,2.0
4,4,0,1,1,1,0.38,0.3939,0.71,0.2985,2,1.0
4,5,0,1,1,1,0.4,0.4091,0.62,0.2537,7,2.0
4,6,0,1,1,1,0.42,0.4242,0.58,0.2836,46,7.0
4,7,0,1,1,2,0.44,0.4394,0.54,0.2537,157,46.0
4,8,0,1,1,2,0.46,0.4545,0.55,0.2985,339,157.0
4,9,0,1,1,2,0.5,0.4848,0.51,0.3881,158,339.0
4,10,0,1,1,2,0.54,0.5152,0.45,0.3582,90,158.0
4,11,0,1,1,1,0.6,0.6212,0.4,0.3881,124,90.0
4,12,0,1,1,1,0.64,0.6212,0.36,0.4627,157,124.0
4,13,0,1,1,1,0.68,0.6364,0.34,0.3284,139,157.0
4,14,0,1,1,2,0.74,0.6515,0.27,0.4925,123,139.0
4,15,0,1,1,1,0.76,0.6667,0.23,0.5522,143,123.0
4,16,0,1,1,1,0.76,0.6515,0.22,0.5224,189,143.0
4,17,0,1,1,1,0.74,0.6515,0.23,0.6119,366,189.0
4,18,0,1,1,2,0.72,0.6364,0.23,0.4925,386,366.0
4,19,0,1,1,1,0.7,0.6364,0.24,0.4627,278,386.0
4,20,0,1,1,2,0.7,0.6364,0.24,0.5522,173,278.0
4,21,0,1,1,2,0.7,0.6364,0.3,0.4478,95,173.0
4,22,0,1,1,2,0.68,0.6364,0.36,0.4627,75,95.0
4,23,0,1,1,2,0.64,0.6212,0.47,0.2239,48,75.0
4,0,0,2,1,1,0.62,0.6212,0.5,0.1045,22,48.0
4,1,0,2,1,3,0.62,0.6212,0.57,0.4179,15,22.0
4,2,0,2,1,2,0.54,0.5152,0.73,0.3284,5,15.0
4,3,0,2,1,2,0.54,0.5152,0.73,0.3284,4,5.0
4,4,0,2,1,3,0.5,0.4848,0.88,0.4925,2,4.0
4,5,0,2,1,3,0.46,0.4545,0.94,0.2985,5,2.0
4,6,0,2,1,2,0.48,0.4697,0.88,0.3284,38,5.0
4,7,0,2,1,2,0.48,0.4697,0.88,0.3284,134,38.0
4,8,0,2,1,3,0.38,0.3939,0.87,0.5821,157,134.0
4,9,0,2,1,3,0.36,0.3182,0.87,0.4925,46,157.0
4,10,0,2,1,3,0.34,0.303,0.81,0.3881,28,46.0
4,11,0,2,1,3,0.32,0.2879,0.81,0.4478,19,28.0
4,12,0,2,1,2,0.34,0.303,0.71,0.3881,38,19.0
4,13,0,2,1,2,0.36,0.3333,0.63,0.4179,56,38.0
4,14,0,2,1,2,0.36,0.3182,0.57,0.4925,76,56.0
4,15,0,2,1,1,0.4,0.4091,0.46,0.4627,68,76.0
4,16,0,2,1,1,0.38,0.3939,0.46,0.4179,130,68.0
4,17,0,2,1,1,0.42,0.4242,0.38,0.4179,273,130.0
4,18,0,2,1,1,0.38,0.3939,0.4,0.4925,267,273.0
4,19,0,2,1,1,0.36,0.3333,0.43,0.2985,160,267.0
4,20,0,2,1,1,0.34,0.3182,0.46,0.2836,91,160.0
4,21,0,2,1,1,0.34,0.2879,0.46,0.5224,89,91.0
4,22,0,2,1,1,0.32,0.303,0.49,0.2985,46,89.0
4,23,0,2,1,1,0.3,0.2879,0.49,0.2836,26,46.0
4,0,0,3,1,1,0.3,0.3182,0.49,0.1045,15,26.0
4,1,0,3,1,1,0.26,0.2727,0.6,0.1343,2,15.0
4,2,0,3,1,1,0.24,0.2424,0.7,0.1343,5,2.0
4,3,0,3,1,1,0.26,0.2727,0.6,0.1343,4,5.0
4,4,0,3,1,1,0.24,0.2424,0.65,0.1343,1,4.0
4,5,0,3,1,1,0.24,0.2576,0.7,0.1045,13,1.0
4,6,0,3,1,1,0.24,0.2576,0.7,0.1045,56,13.0
4,7,0,3,1,1,0.26,0.2727,0.65,0.1045,133,56.0
4,8,0,3,1,1,0.32,0.303,0.61,0.2239,325,133.0
4,9,0,3,1,1,0.36,0.3333,0.46,0.2537,165,325.0
4,10,0,3,1,1,0.4,0.4091,0.37,0.3881,69,165.0
4,11,0,3,1,1,0.42,0.4242,0.38,0.3881,93,69.0
4,12,0,3,1,1,0.44,0.4394,0.41,0.2537,134,93.0
4,13,0,3,1,1,0.46,0.4545,0.38,0.4925,112,134.0
4,14,0,3,1,1,0.5,0.4848,0.34,0.4179,115,112.0
4,15,0,3,1,1,0.52,0.5,0.32,0.3284,117,115.0
4,16,0,3,1,1,0.54,0.5152,0.28,0.4179,169,117.0
4,17,0,3,1,1,0.52,0.5,0.32,0.4478,356,169.0
4,18,0,3,1,1,0.52,0.5,0.29,0.3582,325,356.0
4,19,0,3,1,1,0.5,0.4848,0.31,0.2985,232,325.0
4,20,0,3,1,1,0.46,0.4545,0.51,0.2239,141,232.0
4,21,0,3,1,1,0.46,0.4545,0.41,0.2836,102,141.0
4,22,0,3,1,1,0.46,0.4545,0.41,0.2836,84,102.0
4,23,0,3,1,1,0.46,0.4545,0.41,0.2985,40,84.0
4,0,0,4,1,1,0.46,0.4545,0.41,0.2836,20,40.0
4,1,0,4,1,1,0.42,0.4242,0.47,0.1343,13,20.0
4,2,0,4,1,1,0.42,0.4242,0.54,0.0,7,13.0
4,3,0,4,1,1,0.36,0.3485,0.66,0.194,3,7.0
4,4,0,4,1,1,0.34,0.3333,0.76,0.194,1,3.0
4,5,0,4,1,1,0.34,0.3182,0.76,0.2239,6,1.0
4,6,0,4,1,1,0.32,0.303,0.81,0.2537,64,6.0
4,7,0,4,1,2,0.34,0.3333,0.76,0.1642,160,64.0
4,8,0,4,1,1,0.36,0.3485,0.76,0.194,314,160.0
4,9,0,4,1,2,0.4,0.4091,0.66,0.1343,170,314.0
4,10,0,4,1,2,0.42,0.4242,0.67,0.1045,95,170.0
4,11,0,4,1,2,0.46,0.4545,0.55,0.0,122,95.0
4,12,0,4,1,2,0.46,0.4545,0.55,0.0,153,122.0
4,13,0,4,1,2,0.52,0.5,0.48,0.0896,135,153.0
4,14,0,4,1,1,0.56,0.5303,0.43,0.0896,157,135.0
4,15,0,4,1,1,0.6,0.6212,0.38,0.1045,160,157.0
4,16,0,4,1,1,0.6,0.6212,0.35,0.0,213,160.0
4,17,0,4,1,1,0.52,0.5,0.52,0.2836,343,213.0
4,18,0,4,1,1,0.48,0.4697,0.55,0.2537,333,343.0
4,19,0,4,1,1,0.46,0.4545,0.59,0.2985,226,333.0
4,20,0,4,1,1,0.44,0.4394,0.62,0.1642,203,226.0
4,21,0,4,1,2,0.44,0.4394,0.67,0.2836,108,203.0
4,22,0,4,1,2,0.4,0.4091,0.76,0.194,81,108.0
4,23,0,4,1,1,0.38,0.3939,0.76,0.2537,54,81.0
4,0,0,5,1,2,0.36,0.3485,0.76,0.2239,25,54.0
4,1,0,5,1,2,0.34,0.3333,0.76,0.1343,9,25.0
4,2,0,5,1,3,0.34,0.3333,0.76,0.1642,13,9.0
4,3,0,5,1,3,0.34,0.3333,0.76,0.1642,1,13.0
4,4,0,5,1,2,0.34,0.3333,0.86,0.1343,1,1.0
4,5,0,5,1,2,0.32,0.3182,0.87,0.194,9,1.0
4,6,0,5,1,2,0.34,0.3636,0.87,0.0,35,9.0
4,7,0,5,1,3,0.34,0.3333,0.87,0.1642,113,35.0
4,8,0,5,1,3,0.34,0.3333,0.87,0.1642,221,113.0
4,9,0,5,1,2,0.36,0.3485,0.76,0.194,185,221.0
4,10,0,5,1,2,0.36,0.3333,0.71,0.2836,73,185.0
4,11,0,5,1,2,0.4,0.4091,0.62,0.3881,98,73.0
4,12,0,5,1,3,0.38,0.3939,0.66,0.2239,80,98.0
4,13,0,5,1,3,0.36,0.3333,0.76,0.2836,42,80.0
4,14,0,5,1,3,0.34,0.3182,0.87,0.2239,15,42.0
4,15,0,5,1,3,0.34,0.3182,0.87,0.2239,25,15.0
4,16,0,5,1,2,0.32,0.303,0.93,0.2537,60,25.0
4,17,0,5,1,3,0.32,0.303,0.93,0.2537,148,60.0
4,18,0,5,1,3,0.32,0.303,0.93,0.2537,62,148.0
4,19,0,5,1,3,0.3,0.2727,0.93,0.4179,53,62.0
4,20,0,5,1,2,0.3,0.2727,0.93,0.3284,63,53.0
4,21,0,5,1,2,0.3,0.2879,0.93,0.2537,54,63.0
4,22,0,5,1,2,0.3,0.2727,0.93,0.2985,51,54.0
4,23,0,5,1,2,0.3,0.2879,0.93,0.2239,35,51.0
4,0,0,6,0,2,0.3,0.2879,0.87,0.2239,31,35.0
4,1,0,6,0,2,0.3,0.303,0.87,0.1343,20,31.0
4,2,0,6,0,2,0.32,0.303,0.87,0.2239,17,20.0
4,3,0,6,0,3,0.3,0.2879,1.0,0.2537,14,17.0
4,4,0,6,0,3,0.3,0.2727,1.0,0.2537,3,14.0
4,5,0,6,0,2,0.3,0.2879,0.93,0.2239,5,3.0
4,6,0,6,0,2,0.3,0.2879,0.93,0.194,13,5.0
4,7,0,6,0,2,0.3,0.303,0.93,0.1642,21,13.0
4,8,0,6,0,2,0.32,0.303,0.93,0.1642,54,21.0
4,9,0,6,0,2,0.34,0.3485,0.87,0.1045,98,54.0
4,10,0,6,0,2,0.34,0.3333,0.87,0.1343,133,98.0
4,11,0,6,0,2,0.36,0.3636,0.81,0.0,142,133.0
4,12,0,6,0,2,0.36,0.3485,0.81,0.1343,202,142.0
4,13,0,6,0,2,0.36,0.3788,0.81,0.0,222,202.0
4,14,0,6,0,2,0.36,0.3485,0.81,0.1343,212,222.0
4,15,0,6,0,2,0.36,0.3788,0.87,0.0,201,212.0
4,16,0,6,0,2,0.38,0.3939,0.82,0.0,191,201.0
4,17,0,6,0,2,0.38,0.3939,0.82,0.0896,257,191.0
4,18,0,6,0,2,0.38,0.3939,0.82,0.1045,177,257.0
4,19,0,6,0,2,0.38,0.3939,0.82,0.1343,130,177.0
4,20,0,6,0,2,0.38,0.3939,0.87,0.1642,93,130.0
4,21,0,6,0,2,0.36,0.3485,0.93,0.1343,75,93.0
4,22,0,6,0,2,0.36,0.3485,0.93,0.1343,87,75.0
4,23,0,6,0,2,0.38,0.3939,0.87,0.0896,57,87.0
4,0,0,0,0,2,0.38,0.3939,0.87,0.0896,53,57.0
4,1,0,0,0,2,0.38,0.3939,0.87,0.1343,37,53.0
4,2,0,0,0,2,0.38,0.3939,0.87,0.0896,36,37.0
4,3,0,0,0,2,0.38,0.3939,0.87,0.1343,16,36.0
4,4,0,0,0,2,0.36,0.3636,0.93,0.1045,5,16.0
4,5,0,0,0,2,0.36,0.3636,0.93,0.0896,4,5.0
4,6,0,0,0,2,0.36,0.3636,0.93,0.0896,4,4.0
4,7,0,0,0,2,0.36,0.3636,1.0,0.0896,10,4.0
4,8,0,0,0,2,0.38,0.3939,0.94,0.0896,55,10.0
4,9,0,0,0,2,0.38,0.3939,0.94,0.1343,81,55.0
4,10,0,0,0,2,0.4,0.4091,0.87,0.0,150,81.0
4,11,0,0,0,2,0.4,0.4091,0.87,0.1343,202,150.0
4,12,0,0,0,2,0.42,0.4242,0.88,0.1343,230,202.0
4,13,0,0,0,1,0.46,0.4545,0.82,0.1045,263,230.0
4,14,0,0,0,1,0.5,0.4848,0.72,0.194,281,263.0
4,15,0,0,0,1,0.5,0.4848,0.77,0.2239,297,281.0
4,16,0,0,0,2,0.52,0.5,0.72,0.1642,288,297.0
4,17,0,0,0,2,0.52,0.5,0.72,0.194,236,288.0
4,18,0,0,0,1,0.5,0.4848,0.77,0.194,240,236.0
4,19,0,0,0,1,0.5,0.4848,0.77,0.194,131,240.0
4,20,0,0,0,1,0.46,0.4545,0.82,0.1343,92,131.0
4,21,0,0,0,1,0.44,0.4394,0.88,0.194,95,92.0
4,22,0,0,0,1,0.44,0.4394,0.94,0.2537,57,95.0
4,23,0,0,0,1,0.46,0.4545,0.88,0.3582,32,57.0
4,0,0,1,1,1,0.48,0.4697,0.88,0.3284,23,32.0
4,1,0,1,1,1,0.46,0.4545,0.94,0.2836,4,23.0
4,2,0,1,1,1,0.46,0.4545,0.94,0.2836,9,4.0
4,4,0,1,1,1,0.46,0.4545,0.94,0.194,1,9.0
4,5,0,1,1,1,0.46,0.4545,0.94,0.194,13,1.0
4,6,0,1,1,2,0.46,0.4545,1.0,0.2239,61,13.0
4,7,0,1,1,2,0.5,0.4848,0.88,0.2239,176,61.0
4,8,0,1,1,2,0.52,0.5,0.88,0.2836,314,176.0
4,9,0,1,1,2,0.56,0.5303,0.83,0.2836,165,314.0
4,10,0,1,1,2,0.56,0.5303,0.83,0.2985,96,165.0
4,11,0,1,1,2,0.6,0.5909,0.73,0.2985,104,96.0
4,12,0,1,1,2,0.6,0.5909,0.73,0.3284,134,104.0
4,13,0,1,1,2,0.64,0.6061,0.69,0.4179,139,134.0
4,14,0,1,1,2,0.72,0.6667,0.54,0.3582,145,139.0
4,15,0,1,1,1,0.74,0.6667,0.48,0.5224,141,145.0
4,16,0,1,1,1,0.74,0.6667,0.48,0.5224,235,141.0
4,17,0,1,1,1,0.74,0.6667,0.48,0.5224,452,235.0
4,18,0,1,1,1,0.72,0.6667,0.51,0.3881,383,452.0
4,19,0,1,1,1,0.72,0.6667,0.51,0.4478,284,383.0
4,20,0,1,1,1,0.68,0.6364,0.57,0.5224,166,284.0
4,21,0,1,1,1,0.66,0.6212,0.61,0.2537,158,166.0
4,22,0,1,1,2,0.64,0.6212,0.5,0.2836,91,158.0
4,23,0,1,1,3,0.58,0.5455,0.6,0.0,54,91.0
4,0,0,2,1,2,0.62,0.6212,0.5,0.1045,24,54.0
4,1,0,2,1,2,0.62,0.6212,0.5,0.0896,13,24.0
4,2,0,2,1,2,0.6,0.6212,0.53,0.1343,14,13.0
4,3,0,2,1,2,0.58,0.5455,0.56,0.1343,1,14.0
4,4,0,2,1,2,0.56,0.5303,0.64,0.1343,6,1.0
4,5,0,2,1,2,0.54,0.5152,0.68,0.1343,16,6.0
4,6,0,2,1,2,0.54,0.5152,0.68,0.2836,58,16.0
4,7,0,2,1,2,0.54,0.5152,0.68,0.2239,189,58.0
4,8,0,2,1,3,0.48,0.4697,0.88,0.3881,226,189.0
4,9,0,2,1,3,0.46,0.4545,0.94,0.4925,54,226.0
4,10,0,2,1,3,0.5,0.4848,0.82,0.4179,40,54.0
4,11,0,2,1,1,0.52,0.5,0.77,0.3582,49,40.0
4,12,0,2,1,2,0.56,0.5303,0.64,0.4627,92,49.0
4,13,0,2,1,3,0.54,0.5152,0.68,0.2836,106,92.0
4,14,0,2,1,2,0.5,0.4848,0.82,0.2836,44,106.0
4,15,0,2,1,2,0.48,0.4697,0.77,0.5224,78,44.0
4,16,0,2,1,2,0.48,0.4697,0.77,0.3881,99,78.0
4,17,0,2,1,3,0.44,0.4394,0.77,0.2239,291,99.0
4,18,0,2,1,3,0.44,0.4394,0.77,0.2239,224,291.0
4,19,0,2,1,2,0.42,0.4242,0.82,0.2836,130,224.0
4,20,0,2,1,2,0.42,0.4242,0.82,0.2836,103,130.0
4,21,0,2,1,2,0.42,0.4242,0.82,0.194,84,103.0
4,22,0,2,1,2,0.4,0.4091,0.94,0.2985,54,84.0
4,23,0,2,1,2,0.4,0.4091,0.94,0.2537,39,54.0
4,0,0,3,1,2,0.4,0.4091,1.0,0.2985,15,39.0
4,1,0,3,1,2,0.4,0.4091,1.0,0.2985,1,15.0
4,2,0,3,1,3,0.4,0.4091,1.0,0.2985,2,1.0
4,3,0,3,1,3,0.4,0.4091,0.94,0.3284,2,2.0
4,4,0,3,1,3,0.4,0.4091,0.94,0.3284,3,2.0
4,5,0,3,1,3,0.38,0.3939,0.94,0.2537,5,3.0
4,6,0,3,1,3,0.38,0.3939,0.94,0.2239,34,5.0
4,7,0,3,1,3,0.36,0.3485,1.0,0.2239,70,34.0
4,8,0,3,1,3,0.38,0.3939,0.94,0.194,164,70.0
4,9,0,3,1,2,0.38,0.3939,0.94,0.2239,65,164.0
4,10,0,3,1,2,0.4,0.4091,0.87,0.194,46,65.0
4,11,0,3,1,2,0.42,0.4242,0.82,0.194,61,46.0
4,12,0,3,1,3,0.42,0.4242,0.82,0.2537,95,61.0
4,13,0,3,1,2,0.44,0.4394,0.77,0.194,61,95.0
4,14,0,3,1,2,0.42,0.4242,0.77,0.2537,106,61.0
4,15,0,3,1,2,0.44,0.4394,0.72,0.2836,81,106.0
4,16,0,3,1,1,0.46,0.4545,0.67,0.2836,142,81.0
4,17,0,3,1,1,0.46,0.4545,0.67,0.2985,309,142.0
4,18,0,3,1,1,0.44,0.4394,0.62,0.3881,321,309.0
4,19,0,3,1,1,0.44,0.4394,0.62,0.2537,175,321.0
4,20,0,3,1,1,0.44,0.4394,0.62,0.2537,126,175.0
4,21,0,3,1,1,0.42,0.4242,0.67,0.1642,117,126.0
4,22,0,3,1,1,0.42,0.4242,0.67,0.194,99,117.0
4,23,0,3,1,1,0.4,0.4091,0.71,0.1343,62,99.0
4,0,0,4,1,1,0.38,0.3939,0.76,0.1343,21,62.0
4,1,0,4,1,1,0.38,0.3939,0.76,0.2239,10,21.0
4,2,0,4,1,1,0.36,0.3485,0.76,0.1343,3,10.0
4,3,0,4,1,1,0.34,0.3333,0.81,0.1343,2,3.0
4,4,0,4,1,1,0.34,0.3636,0.76,0.0,9,2.0
4,5,0,4,1,1,0.34,0.3485,0.76,0.0896,14,9.0
4,6,0,4,1,1,0.34,0.3485,0.76,0.1045,70,14.0
4,7,0,4,1,1,0.38,0.3939,0.66,0.0,193,70.0
4,8,0,4,1,1,0.42,0.4242,0.58,0.1642,337,193.0
4,9,0,4,1,1,0.46,0.4545,0.51,0.1343,170,337.0
4,10,0,4,1,1,0.5,0.4848,0.51,0.194,89,170.0
4,11,0,4,1,1,0.52,0.5,0.45,0.1642,115,89.0
4,12,0,4,1,1,0.54,0.5152,0.42,0.1343,145,115.0
4,13,0,4,1,1,0.56,0.5303,0.37,0.2239,159,145.0
4,14,0,4,1,1,0.56,0.5303,0.35,0.0896,137,159.0
4,15,0,4,1,1,0.6,0.6212,0.31,0.0896,142,137.0
4,16,0,4,1,1,0.6,0.6061,0.26,0.1045,202,142.0
4,17,0,4,1,1,0.6,0.6061,0.28,0.0,388,202.0
4,18,0,4,1,1,0.56,0.5303,0.3,0.0,337,388.0
4,19,0,4,1,1,0.54,0.5152,0.32,0.0,259,337.0
4,20,0,4,1,1,0.5,0.4848,0.51,0.194,169,259.0
4,21,0,4,1,1,0.46,0.4545,0.63,0.1343,145,169.0
4,22,0,4,1,1,0.48,0.4697,0.55,0.1045,104,145.0
4,23,0,4,1,1,0.46,0.4545,0.59,0.1045,47,104.0
4,0,1,5,0,1,0.44,0.4394,0.67,0.0,27,47.0
4,1,1,5,0,1,0.44,0.4394,0.62,0.0,15,27.0
4,2,1,5,0,1,0.4,0.4091,0.76,0.0,18,15.0
4,3,1,5,0,1,0.4,0.4091,0.76,0.0,3,18.0
4,4,1,5,0,1,0.38,0.3939,0.82,0.0896,3,3.0
4,5,1,5,0,1,0.36,0.3636,0.81,0.1045,13,3.0
4,6,1,5,0,1,0.36,0.3636,0.81,0.0896,47,13.0
4,7,1,5,0,1,0.4,0.4091,0.71,0.1642,149,47.0
4,8,1,5,0,1,0.44,0.4394,0.62,0.2985,300,149.0
4,9,1,5,0,1,0.5,0.4848,0.55,0.194,178,300.0
4,10,1,5,0,1,0.5,0.4848,0.55,0.194,122,178.0
4,11,1,5,0,1,0.52,0.5,0.55,0.194,136,122.0
4,12,1,5,0,1,0.52,0.5,0.55,0.2836,200,136.0
4,13,1,5,0,1,0.54,0.5152,0.52,0.2537,180,200.0
4,14,1,5,0,1,0.54,0.5152,0.52,0.2537,163,180.0
4,15,1,5,0,1,0.54,0.5152,0.52,0.4478,162,163.0
4,16,1,5,0,1,0.52,0.5,0.55,0.4925,243,162.0
4,17,1,5,0,2,0.5,0.4848,0.63,0.3881,331,243.0
4,18,1,5,0,2,0.46,0.4545,0.67,0.3881,263,331.0
4,19,1,5,0,1,0.42,0.4242,0.77,0.3881,209,263.0
4,20,1,5,0,2,0.4,0.4091,0.76,0.3284,118,209.0
4,21,1,5,0,2,0.4,0.4091,0.76,0.2985,102,118.0
4,22,1,5,0,2,0.38,0.3939,0.82,0.3881,80,102.0
4,23,1,5,0,2,0.36,0.3485,0.81,0.194,64,80.0
4,0,0,6,0,2,0.36,0.3485,0.81,0.2239,43,64.0
4,1,0,6,0,2,0.36,0.3333,0.87,0.2836,33,43.0
4,2,0,6,0,2,0.36,0.3485,0.87,0.1343,24,33.0
4,3,0,6,0,2,0.36,0.3485,0.87,0.1642,14,24.0
4,4,0,6,0,2,0.36,0.3485,0.87,0.2239,5,14.0
4,5,0,6,0,2,0.38,0.3939,0.87,0.2836,4,5.0
4,6,0,6,0,3,0.4,0.4091,0.82,0.3284,10,4.0
4,7,0,6,0,2,0.4,0.4091,0.82,0.4179,21,10.0
4,8,0,6,0,3,0.4,0.4091,0.87,0.3582,45,21.0
4,9,0,6,0,3,0.4,0.4091,1.0,0.2985,29,45.0
4,10,0,6,0,3,0.42,0.4242,0.94,0.3881,22,29.0
4,11,0,6,0,3,0.42,0.4242,0.94,0.4478,31,22.0
4,12,0,6,0,2,0.46,0.4545,0.88,0.5821,32,31.0
4,13,0,6,0,3,0.46,0.4545,0.94,0.5224,58,32.0
4,14,0,6,0,3,0.52,0.5,0.83,0.5821,63,58.0
4,15,0,6,0,3,0.52,0.5,0.83,0.5821,78,63.0
4,16,0,6,0,3,0.5,0.4848,0.88,0.4627,33,78.0
4,17,0,6,0,3,0.5,0.4848,0.88,0.5821,15,33.0
4,18,0,6,0,2,0.5,0.4848,0.94,0.3881,38,15.0
4,19,0,6,0,2,0.52,0.5,0.94,0.4179,71,38.0
4,20,0,6,0,3,0.44,0.4394,0.94,0.2239,53,71.0
4,21,0,6,0,2,0.44,0.4394,0.94,0.0,14,53.0
4,22,0,6,0,3,0.42,0.4242,1.0,0.0,24,14.0
4,23,0,6,0,2,0.44,0.4394,0.77,0.2836,35,24.0
4,0,0,0,0,2,0.44,0.4394,0.77,0.2836,33,35.0
4,1,0,0,0,1,0.42,0.4242,0.67,0.2239,31,33.0
4,2,0,0,0,1,0.4,0.4091,0.62,0.194,29,31.0
4,3,0,0,0,1,0.4,0.4091,0.66,0.1343,25,29.0
4,4,0,0,0,1,0.36,0.3636,0.76,0.1045,7,25.0
4,5,0,0,0,1,0.36,0.3485,0.71,0.1642,3,7.0
4,6,0,0,0,1,0.36,0.3182,0.66,0.4478,8,3.0
4,7,0,0,0,1,0.36,0.3333,0.5,0.3582,16,8.0
4,8,0,0,0,1,0.38,0.3939,0.46,0.3881,43,16.0
4,9,0,0,0,1,0.4,0.4091,0.43,0.2836,102,43.0
4,10,0,0,0,1,0.42,0.4242,0.44,0.4478,211,102.0
4,11,0,0,0,1,0.46,0.4545,0.41,0.4179,304,211.0
4,12,0,0,0,1,0.46,0.4545,0.38,0.3881,354,304.0
4,13,0,0,0,1,0.5,0.4848,0.34,0.3881,343,354.0
4,14,0,0,0,1,0.52,0.5,0.34,0.3881,361,343.0
4,15,0,0,0,1,0.54,0.5152,0.32,0.5224,388,361.0
4,16,0,0,0,1,0.54,0.5152,0.3,0.3582,343,388.0
4,17,0,0,0,1,0.56,0.5303,0.3,0.4478,306,343.0
4,18,0,0,0,1,0.56,0.5303,0.3,0.3881,277,306.0
4,19,0,0,0,1,0.56,0.5303,0.3,0.2985,210,277.0
4,20,0,0,0,1,0.52,0.5,0.36,0.194,141,210.0
4,21,0,0,0,1,0.5,0.4848,0.42,0.194,83,141.0
4,22,0,0,0,1,0.5,0.4848,0.39,0.1045,70,83.0
4,23,0,0,0,1,0.44,0.4394,0.67,0.1642,56,70.0
4,0,0,1,1,1,0.46,0.4545,0.47,0.0896,39,56.0
4,1,0,1,1,1,0.46,0.4545,0.47,0.1343,19,39.0
4,2,0,1,1,1,0.42,0.4242,0.67,0.1045,16,19.0
4,3,0,1,1,1,0.42,0.4242,0.62,0.1045,7,16.0
4,4,0,1,1,1,0.4,0.4091,0.87,0.1642,6,7.0
4,5,0,1,1,1,0.4,0.4091,0.76,0.0896,16,6.0
4,6,0,1,1,1,0.4,0.4091,0.82,0.0,54,16.0
4,7,0,1,1,1,0.46,0.4545,0.63,0.0,168,54.0
4,8,0,1,1,1,0.46,0.4545,0.63,0.0,297,168.0
4,9,0,1,1,2,0.5,0.4848,0.55,0.1045,169,297.0
4,10,0,1,1,2,0.52,0.5,0.55,0.1045,109,169.0
4,11,0,1,1,2,0.54,0.5152,0.52,0.0896,123,109.0
4,12,0,1,1,2,0.56,0.5303,0.49,0.0896,184,123.0
4,13,0,1,1,2,0.56,0.5303,0.49,0.1642,169,184.0
4,14,0,1,1,2,0.58,0.5455,0.49,0.194,144,169.0
4,15,0,1,1,2,0.6,0.6212,0.43,0.194,176,144.0
4,16,0,1,1,1,0.6,0.6212,0.46,0.2836,205,176.0
4,17,0,1,1,1,0.58,0.5455,0.49,0.2836,428,205.0
4,18,0,1,1,1,0.64,0.6212,0.31,0.3582,362,428.0
4,19,0,1,1,1,0.56,0.5303,0.46,0.2537,286,362.0
4,20,0,1,1,1,0.6,0.6212,0.33,0.2985,165,286.0
4,21,0,1,1,1,0.56,0.5303,0.37,0.2836,151,165.0
4,22,0,1,1,1,0.52,0.5,0.55,0.2836,90,151.0
4,23,0,1,1,1,0.5,0.4848,0.59,0.2537,46,90.0
4,0,0,2,1,1,0.5,0.4848,0.55,0.2239,25,46.0
4,1,0,2,1,1,0.46,0.4545,0.63,0.2239,7,25.0
4,2,0,2,1,1,0.46,0.4545,0.67,0.2836,13,7.0
4,3,0,2,1,1,0.48,0.4697,0.63,0.2239,3,13.0
4,4,0,2,1,1,0.46,0.4545,0.67,0.0896,5,3.0
4,5,0,2,1,2,0.46,0.4545,0.72,0.194,18,5.0
4,6,0,2,1,2,0.48,0.4697,0.67,0.0,65,18.0
4,7,0,2,1,2,0.52,0.5,0.55,0.0,188,65.0
4,8,0,2,1,2,0.5,0.4848,0.68,0.1343,351,188.0
4,9,0,2,1,3,0.52,0.5,0.63,0.0896,162,351.0
4,10,0,2,1,2,0.5,0.4848,0.72,0.2239,75,162.0
4,11,0,2,1,2,0.54,0.5152,0.68,0.1642,72,75.0
4,12,0,2,1,2,0.54,0.5152,0.64,0.0896,103,72.0
4,13,0,2,1,2,0.54,0.5152,0.68,0.2239,129,103.0
4,14,0,2,1,2,0.54,0.5152,0.64,0.194,107,129.0
4,15,0,2,1,2,0.54,0.5152,0.65,0.1642,127,107.0
4,16,0,2,1,1,0.56,0.5303,0.52,0.2985,192,127.0
4,17,0,2,1,1,0.56,0.5303,0.6,0.1045,411,192.0
4,18,0,2,1,2,0.54,0.5152,0.64,0.1343,421,411.0
4,19,0,2,1,2,0.5,0.4848,0.72,0.194,276,421.0
4,20,0,2,1,2,0.5,0.4848,0.72,0.2239,168,276.0
4,21,0,2,1,2,0.5,0.4848,0.72,0.1343,122,168.0
4,22,0,2,1,1,0.48,0.4697,0.77,0.0896,112,122.0
4,23,0,2,1,1,0.46,0.4545,0.88,0.0896,52,112.0
4,0,0,3,1,1,0.44,0.4394,0.88,0.1343,33,52.0
4,1,0,3,1,1,0.42,0.4242,0.94,0.1642,7,33.0
4,2,0,3,1,1,0.42,0.4242,0.94,0.1642,2,7.0
4,3,0,3,1,1,0.42,0.4242,0.94,0.0,2,2.0
4,4,0,3,1,1,0.4,0.4091,1.0,0.1045,9,2.0
4,5,0,3,1,1,0.4,0.4091,0.94,0.194,15,9.0
4,6,0,3,1,1,0.42,0.4242,0.94,0.1642,64,15.0
4,7,0,3,1,1,0.44,0.4394,0.94,0.0,237,64.0
4,8,0,3,1,1,0.62,0.6061,0.69,0.4627,396,237.0
4,9,0,3,1,1,0.66,0.6212,0.61,0.2836,197,396.0
4,10,0,3,1,1,0.62,0.6061,0.69,0.0896,131,197.0
4,11,0,3,1,1,0.62,0.6061,0.69,0.0896,118,131.0
4,12,0,3,1,1,0.7,0.6515,0.48,0.3881,145,118.0
4,13,0,3,1,1,0.7,0.6515,0.48,0.3881,177,145.0
4,14,0,3,1,1,0.74,0.6515,0.4,0.4627,148,177.0
4,15,0,3,1,2,0.76,0.6667,0.35,0.3582,145,148.0
4,16,0,3,1,2,0.76,0.6667,0.35,0.3582,255,145.0
4,17,0,3,1,2,0.74,0.6515,0.37,0.4179,432,255.0
4,18,0,3,1,1,0.74,0.6515,0.3,0.3582,441,432.0
4,19,0,3,1,1,0.7,0.6364,0.32,0.2537,383,441.0
4,20,0,3,1,1,0.68,0.6212,0.32,0.1045,225,383.0
4,21,0,3,1,1,0.66,0.6212,0.36,0.2836,172,225.0
4,22,0,3,1,1,0.62,0.6212,0.41,0.2537,117,172.0
4,23,0,3,1,1,0.6,0.6212,0.4,0.3284,93,117.0
4,0,0,4,1,1,0.56,0.5303,0.43,0.3582,44,93.0
4,1,0,4,1,1,0.52,0.5,0.45,0.2239,26,44.0
4,2,0,4,1,1,0.5,0.4848,0.42,0.3881,13,26.0
4,3,0,4,1,2,0.46,0.4545,0.51,0.4627,7,13.0
4,4,0,4,1,2,0.44,0.4394,0.54,0.4478,6,7.0
4,5,0,4,1,2,0.42,0.4242,0.54,0.5522,14,6.0
4,6,0,4,1,2,0.4,0.4091,0.58,0.5821,75,14.0
4,7,0,4,1,2,0.42,0.4242,0.47,0.4627,198,75.0
4,8,0,4,1,2,0.4,0.4091,0.5,0.4925,365,198.0
4,9,0,4,1,2,0.42,0.4242,0.47,0.2836,196,365.0
4,10,0,4,1,1,0.42,0.4242,0.44,0.3582,98,196.0
4,11,0,4,1,1,0.44,0.4394,0.41,0.2836,133,98.0
4,12,0,4,1,1,0.46,0.4545,0.38,0.1642,199,133.0
4,13,0,4,1,1,0.48,0.4697,0.33,0.3284,177,199.0
4,14,0,4,1,1,0.5,0.4848,0.34,0.3881,228,177.0
4,15,0,4,1,1,0.52,0.5,0.29,0.4179,235,228.0
4,16,0,4,1,1,0.52,0.5,0.27,0.3582,294,235.0
4,17,0,4,1,1,0.5,0.4848,0.29,0.1642,481,294.0
4,18,0,4,1,1,0.5,0.4848,0.25,0.2836,452,481.0
4,19,0,4,1,1,0.46,0.4545,0.28,0.2836,324,452.0
4,20,0,4,1,1,0.44,0.4394,0.3,0.1343,204,324.0
4,21,0,4,1,1,0.42,0.4242,0.47,0.194,184,204.0
4,22,0,4,1,1,0.42,0.4242,0.38,0.0896,137,184.0
4,23,0,4,1,1,0.4,0.4091,0.43,0.1045,99,137.0
4,0,0,5,1,1,0.36,0.3485,0.62,0.194,33,99.0
4,1,0,5,1,1,0.36,0.3333,0.53,0.2537,24,33.0
4,2,0,5,1,1,0.36,0.3333,0.53,0.2985,9,24.0
4,3,0,5,1,1,0.36,0.3333,0.53,0.2985,2,9.0
4,4,0,5,1,1,0.34,0.3182,0.53,0.2836,3,2.0
4,5,0,5,1,1,0.34,0.3182,0.53,0.2239,16,3.0
4,6,0,5,1,1,0.34,0.3182,0.53,0.2836,49,16.0
4,7,0,5,1,2,0.34,0.3182,0.53,0.2836,180,49.0
4,8,0,5,1,2,0.34,0.3182,0.53,0.2537,346,180.0
4,9,0,5,1,3,0.34,0.303,0.61,0.2985,195,346.0
4,10,0,5,1,2,0.36,0.3485,0.62,0.194,136,195.0
4,11,0,5,1,3,0.34,0.3333,0.66,0.194,106,136.0
4,12,0,5,1,3,0.34,0.3333,0.76,0.1343,80,106.0
4,13,0,5,1,3,0.34,0.3333,0.87,0.194,40,80.0
4,14,0,5,1,3,0.34,0.3182,0.87,0.2537,36,40.0
4,15,0,5,1,3,0.34,0.3333,0.87,0.194,75,36.0
4,16,0,5,1,3,0.34,0.3333,0.87,0.1343,62,75.0
4,17,0,5,1,3,0.32,0.303,0.93,0.2239,69,62.0
4,18,0,5,1,3,0.32,0.303,0.93,0.2239,51,69.0
4,19,0,5,1,3,0.32,0.303,0.93,0.2239,55,51.0
4,20,0,5,1,3,0.32,0.303,0.87,0.2239,47,55.0
4,21,0,5,1,3,0.3,0.303,0.93,0.1642,28,47.0
4,22,0,5,1,3,0.3,0.303,1.0,0.1343,24,28.0
4,23,0,5,1,3,0.32,0.3333,0.93,0.1045,17,24.0
4,0,0,6,0,2,0.32,0.3182,1.0,0.194,18,17.0
4,1,0,6,0,2,0.32,0.3182,1.0,0.194,16,18.0
4,2,0,6,0,3,0.32,0.3333,1.0,0.1343,17,16.0
4,3,0,6,0,3,0.32,0.3333,1.0,0.0896,4,17.0
4,4,0,6,0,3,0.34,0.3636,1.0,0.0,5,4.0
4,5,0,6,0,3,0.34,0.3636,1.0,0.0,7,5.0
4,6,0,6,0,2,0.34,0.3333,1.0,0.1642,11,7.0
4,7,0,6,0,3,0.34,0.3333,1.0,0.1642,19,11.0
4,8,0,6,0,2,0.36,0.3333,1.0,0.2537,47,19.0
4,9,0,6,0,2,0.38,0.3939,0.94,0.2985,68,47.0
4,10,0,6,0,2,0.42,0.4242,0.88,0.2239,129,68.0
4,11,0,6,0,2,0.46,0.4545,0.88,0.2239,232,129.0
4,12,0,6,0,1,0.52,0.5,0.83,0.4179,291,232.0
4,13,0,6,0,1,0.52,0.5,0.83,0.3881,312,291.0
4,14,0,6,0,1,0.58,0.5455,0.78,0.3582,391,312.0
4,15,0,6,0,1,0.6,0.5909,0.73,0.3881,397,391.0
4,16,0,6,0,1,0.6,0.5909,0.73,0.2836,426,397.0
4,17,0,6,0,1,0.6,0.5909,0.73,0.3284,383,426.0
4,18,0,6,0,1,0.58,0.5455,0.78,0.194,376,383.0
4,19,0,6,0,1,0.56,0.5303,0.83,0.2836,283,376.0
4,20,0,6,0,2,0.54,0.5152,0.88,0.2537,183,283.0
4,21,0,6,0,2,0.56,0.5303,0.83,0.2836,135,183.0
4,22,0,6,0,2,0.58,0.5455,0.78,0.2537,169,135.0
4,23,0,6,0,2,0.54,0.5152,0.88,0.1642,117,169.0
4,0,0,0,0,1,0.52,0.5,0.83,0.2239,96,117.0
4,1,0,0,0,1,0.5,0.4848,0.88,0.194,54,96.0
4,2,0,0,0,1,0.5,0.4848,0.88,0.194,72,54.0
4,3,0,0,0,1,0.5,0.4848,0.94,0.0896,24,72.0
4,4,0,0,0,1,0.5,0.4848,0.94,0.0896,5,24.0
4,5,0,0,0,1,0.5,0.4848,0.94,0.0896,12,5.0
4,6,0,0,0,2,0.5,0.4848,1.0,0.0,13,12.0
4,7,0,0,0,2,0.5,0.4848,1.0,0.0,27,13.0
4,8,0,0,0,1,0.52,0.5,0.94,0.2239,80,27.0
4,9,0,0,0,1,0.56,0.5303,0.88,0.2537,177,80.0
4,10,0,0,0,1,0.6,0.5758,0.78,0.1642,289,177.0
4,11,0,0,0,1,0.66,0.6212,0.65,0.1343,317,289.0
4,12,0,0,0,1,0.68,0.6364,0.65,0.2537,388,317.0
4,13,0,0,0,1,0.7,0.6515,0.58,0.2836,441,388.0
4,14,0,0,0,1,0.7,0.6515,0.54,0.3284,420,441.0
4,15,0,0,0,1,0.66,0.6212,0.61,0.2537,369,420.0
4,16,0,0,0,1,0.74,0.6667,0.48,0.3881,359,369.0
4,17,0,0,0,1,0.66,0.6212,0.65,0.2985,331,359.0
4,18,0,0,0,1,0.64,0.6061,0.69,0.1642,270,331.0
4,19,0,0,0,3,0.6,0.5606,0.83,0.2836,194,270.0
4,20,0,0,0,3,0.6,0.5606,0.83,0.2836,105,194.0
4,21,0,0,0,3,0.54,0.5152,0.94,0.1642,61,105.0
4,22,0,0,0,3,0.54,0.5152,1.0,0.1642,45,61.0
4,23,0,0,0,3,0.54,0.5152,1.0,0.0896,42,45.0
4,0,0,1,1,3,0.52,0.5,1.0,0.0,12,42.0
4,1,0,1,1,1,0.54,0.5152,1.0,0.0896,10,12.0
4,2,0,1,1,1,0.54,0.5152,1.0,0.0896,10,10.0
4,3,0,1,1,2,0.5,0.4848,1.0,0.1045,10,10.0
4,4,0,1,1,2,0.52,0.5,1.0,0.0,5,10.0
4,5,0,1,1,2,0.46,0.4545,1.0,0.0,17,5.0
4,6,0,1,1,2,0.5,0.4848,1.0,0.0,66,17.0
4,7,0,1,1,2,0.52,0.5,1.0,0.0896,196,66.0
4,8,0,1,1,1,0.56,0.5303,0.88,0.1045,353,196.0
4,9,0,1,1,1,0.6,0.5606,0.83,0.1343,174,353.0
4,10,0,1,1,1,0.64,0.6061,0.73,0.2239,125,174.0
4,11,0,1,1,1,0.64,0.6061,0.73,0.2239,147,125.0
4,12,0,1,1,1,0.66,0.6212,0.74,0.2537,188,147.0
4,13,0,1,1,1,0.7,0.6515,0.65,0.2239,203,188.0
4,14,0,1,1,1,0.72,0.6667,0.54,0.2239,146,203.0
4,15,0,1,1,1,0.74,0.6667,0.51,0.2239,175,146.0
4,16,0,1,1,1,0.7,0.6515,0.54,0.3582,239,175.0
4,17,0,1,1,1,0.7,0.6515,0.54,0.2985,521,239.0
4,18,0,1,1,1,0.68,0.6364,0.57,0.3582,499,521.0
4,19,0,1,1,1,0.66,0.6212,0.57,0.3284,382,499.0
4,20,0,1,1,1,0.66,0.6212,0.61,0.2836,237,382.0
4,21,0,1,1,1,0.62,0.6061,0.69,0.2537,190,237.0
4,22,0,1,1,1,0.6,0.5909,0.73,0.2985,106,190.0
4,23,0,1,1,1,0.58,0.5455,0.78,0.2836,62,106.0
4,0,0,2,1,1,0.62,0.6061,0.69,0.2836,27,62.0
4,1,0,2,1,1,0.62,0.5909,0.73,0.2836,21,27.0
4,2,0,2,1,1,0.56,0.5303,0.83,0.3284,26,21.0
4,3,0,2,1,1,0.54,0.5152,0.88,0.2836,21,26.0
4,4,0,2,1,1,0.56,0.5303,0.83,0.2537,6,21.0
4,5,0,2,1,1,0.54,0.5152,0.88,0.2537,16,6.0
4,6,0,2,1,1,0.56,0.5303,0.88,0.2239,80,16.0
4,7,0,2,1,1,0.58,0.5455,0.83,0.2985,270,80.0
4,8,0,2,1,1,0.58,0.5455,0.83,0.2985,449,270.0
4,9,0,2,1,1,0.64,0.6061,0.73,0.3582,199,449.0
4,10,0,2,1,1,0.66,0.6212,0.69,0.3582,120,199.0
4,11,0,2,1,1,0.68,0.6364,0.65,0.3881,172,120.0
4,12,0,2,1,1,0.7,0.6515,0.61,0.4179,186,172.0
4,13,0,2,1,1,0.74,0.6667,0.51,0.4478,176,186.0
4,14,0,2,1,1,0.72,0.6667,0.58,0.3284,155,176.0
4,15,0,2,1,1,0.7,0.6515,0.61,0.3582,153,155.0
4,16,0,2,1,1,0.7,0.6515,0.58,0.3881,291,153.0
4,17,0,2,1,1,0.68,0.6364,0.61,0.3582,521,291.0
4,18,0,2,1,1,0.68,0.6364,0.65,0.4478,528,521.0
4,19,0,2,1,1,0.64,0.6061,0.73,0.4179,328,528.0
4,20,0,2,1,1,0.64,0.6061,0.73,0.3582,234,328.0
4,21,0,2,1,1,0.62,0.5909,0.78,0.2836,195,234.0
4,22,0,2,1,2,0.6,0.5606,0.83,0.194,148,195.0
4,23,0,2,1,2,0.6,0.5606,0.83,0.2239,78,148.0
4,0,0,3,1,1,0.6,0.5606,0.83,0.2239,27,78.0
4,1,0,3,1,1,0.6,0.5606,0.83,0.2537,17,27.0
4,2,0,3,1,1,0.58,0.5455,0.88,0.2537,5,17.0
4,3,0,3,1,2,0.58,0.5455,0.88,0.2836,7,5.0
4,4,0,3,1,1,0.56,0.5303,0.94,0.2239,6,7.0
4,5,0,3,1,2,0.56,0.5303,0.94,0.2537,17,6.0
4,6,0,3,1,1,0.56,0.5303,0.94,0.2537,84,17.0
4,7,0,3,1,2,0.58,0.5455,0.88,0.2836,246,84.0
4,8,0,3,1,2,0.58,0.5455,0.88,0.3284,444,246.0
4,9,0,3,1,2,0.6,0.5455,0.88,0.4179,181,444.0
4,10,0,3,1,2,0.62,0.5758,0.83,0.2836,92,181.0
4,11,0,3,1,2,0.64,0.5909,0.78,0.2836,156,92.0
4,12,0,3,1,1,0.66,0.6061,0.78,0.3284,173,156.0
4,13,0,3,1,1,0.64,0.5909,0.78,0.2985,150,173.0
4,14,0,3,1,1,0.68,0.6364,0.74,0.2836,148,150.0
4,15,0,3,1,1,0.7,0.6515,0.65,0.4925,138,148.0
4,16,0,3,1,1,0.7,0.6515,0.7,0.3881,218,138.0
4,17,0,3,1,3,0.66,0.6061,0.83,0.3881,521,218.0
4,18,0,3,1,3,0.66,0.6061,0.83,0.3881,412,521.0
4,19,0,3,1,1,0.62,0.5909,0.78,0.2836,260,412.0
4,20,0,3,1,1,0.64,0.5758,0.83,0.3284,218,260.0
4,21,0,3,1,1,0.62,0.5606,0.88,0.2836,145,218.0
4,22,0,3,1,2,0.62,0.5606,0.88,0.3284,129,145.0
4,23,0,3,1,2,0.62,0.5606,0.88,0.3582,78,129.0
4,0,0,4,1,1,0.64,0.5909,0.78,0.3582,54,78.0
4,1,0,4,1,2,0.62,0.5758,0.83,0.3881,20,54.0
4,2,0,4,1,2,0.62,0.5758,0.83,0.4478,21,20.0
4,3,0,4,1,2,0.64,0.5909,0.78,0.3881,3,21.0
4,4,0,4,1,2,0.62,0.5758,0.83,0.4179,9,3.0
4,5,0,4,1,2,0.62,0.5758,0.83,0.3881,13,9.0
4,6,0,4,1,2,0.64,0.5909,0.78,0.4627,86,13.0
4,7,0,4,1,2,0.64,0.5909,0.78,0.4478,215,86.0
4,8,0,4,1,2,0.66,0.6061,0.78,0.4478,398,215.0
4,9,0,4,1,3,0.62,0.5606,0.88,0.3284,183,398.0
4,10,0,4,1,2,0.62,0.5606,0.88,0.2836,54,183.0
4,11,0,4,1,2,0.62,0.5758,0.83,0.2836,84,54.0
4,12,0,4,1,2,0.62,0.5909,0.78,0.2537,107,84.0
4,13,0,4,1,2,0.62,0.5758,0.83,0.2985,121,107.0
4,14,0,4,1,1,0.62,0.5758,0.83,0.2985,142,121.0
4,15,0,4,1,1,0.66,0.6212,0.69,0.3284,163,142.0
4,16,0,4,1,1,0.62,0.5909,0.78,0.2537,270,163.0
4,17,0,4,1,1,0.64,0.6212,0.47,0.3582,455,270.0
4,18,0,4,1,1,0.64,0.6212,0.47,0.3582,530,455.0
4,19,0,4,1,1,0.62,0.6212,0.43,0.2985,404,530.0
4,20,0,4,1,1,0.58,0.5455,0.43,0.2239,269,404.0
4,21,0,4,1,1,0.56,0.5303,0.46,0.1343,194,269.0
4,22,0,4,1,1,0.54,0.5152,0.45,0.1642,153,194.0
4,23,0,4,1,1,0.54,0.5152,0.39,0.0896,110,153.0
4,0,0,5,1,1,0.52,0.5,0.39,0.2836,48,110.0
4,1,0,5,1,1,0.5,0.4848,0.45,0.0896,31,48.0
4,2,0,5,1,1,0.46,0.4545,0.63,0.1045,10,31.0
4,3,0,5,1,1,0.46,0.4545,0.59,0.0896,5,10.0
4,4,0,5,1,1,0.46,0.4545,0.51,0.1343,6,5.0
4,5,0,5,1,1,0.46,0.4545,0.47,0.1343,25,6.0
4,6,0,5,1,1,0.5,0.4848,0.45,0.2836,71,25.0
4,7,0,5,1,1,0.52,0.5,0.42,0.194,240,71.0
4,8,0,5,1,1,0.54,0.5152,0.39,0.2985,421,240.0
4,9,0,5,1,1,0.54,0.5152,0.39,0.3284,230,421.0
4,10,0,5,1,1,0.56,0.5303,0.4,0.2836,156,230.0
4,11,0,5,1,1,0.6,0.6212,0.38,0.2239,157,156.0
4,12,0,5,1,1,0.56,0.5303,0.37,0.2836,223,157.0
4,13,0,5,1,1,0.56,0.5303,0.37,0.2985,308,223.0
4,14,0,5,1,1,0.6,0.6212,0.35,0.3284,248,308.0
4,15,0,5,1,2,0.56,0.5303,0.4,0.2985,252,248.0
4,16,0,5,1,2,0.54,0.5152,0.42,0.3582,299,252.0
4,17,0,5,1,2,0.52,0.5,0.45,0.3881,508,299.0
4,18,0,5,1,1,0.52,0.5,0.48,0.3582,439,508.0
4,19,0,5,1,1,0.46,0.4545,0.55,0.3284,270,439.0
4,20,0,5,1,1,0.48,0.4697,0.48,0.2239,194,270.0
4,21,0,5,1,1,0.46,0.4545,0.51,0.194,195,194.0
4,22,0,5,1,1,0.42,0.4242,0.58,0.1642,146,195.0
4,23,0,5,1,2,0.44,0.4394,0.54,0.0896,113,146.0
4,0,0,6,0,2,0.44,0.4394,0.54,0.2537,106,113.0
4,1,0,6,0,2,0.44,0.4394,0.54,0.1642,74,106.0
4,2,0,6,0,2,0.44,0.4394,0.54,0.2239,65,74.0
4,3,0,6,0,2,0.42,0.4242,0.54,0.194,17,65.0
4,4,0,6,0,2,0.42,0.4242,0.54,0.2239,7,17.0
4,5,0,6,0,1,0.42,0.4242,0.54,0.3881,7,7.0
4,6,0,6,0,1,0.4,0.4091,0.58,0.2836,21,7.0
4,7,0,6,0,1,0.4,0.4091,0.54,0.3881,48,21.0
4,8,0,6,0,1,0.4,0.4091,0.54,0.2985,91,48.0
4,9,0,6,0,1,0.44,0.4394,0.51,0.3582,156,91.0
4,10,0,6,0,1,0.48,0.4697,0.44,0.3881,279,156.0
4,11,0,6,0,1,0.5,0.4848,0.42,0.3582,321,279.0
4,12,0,6,0,1,0.52,0.5,0.42,0.3881,416,321.0
4,13,0,6,0,1,0.54,0.5152,0.39,0.2985,455,416.0
4,14,0,6,0,1,0.54,0.5152,0.39,0.2239,452,455.0
4,15,0,6,0,1,0.56,0.5303,0.37,0.1343,499,452.0
4,16,0,6,0,1,0.58,0.5455,0.37,0.194,464,499.0
4,17,0,6,0,1,0.56,0.5303,0.43,0.1343,407,464.0
4,18,0,6,0,1,0.54,0.5152,0.43,0.1343,371,407.0
4,19,0,6,0,1,0.54,0.5152,0.43,0.1343,387,371.0
4,20,0,6,0,1,0.44,0.4394,0.62,0.1343,224,387.0
4,21,0,6,0,1,0.44,0.4394,0.62,0.1343,177,224.0
4,22,0,6,0,1,0.44,0.4394,0.67,0.1045,143,177.0
4,23,0,6,0,1,0.44,0.4394,0.67,0.1045,125,143.0
5,0,0,0,0,1,0.42,0.4242,0.67,0.0896,96,125.0
5,1,0,0,0,1,0.42,0.4242,0.69,0.1045,59,96.0
5,2,0,0,0,1,0.42,0.4242,0.77,0.1045,50,59.0
5,3,0,0,0,1,0.4,0.4091,0.82,0.1045,23,50.0
5,4,0,0,0,1,0.4,0.4091,0.76,0.1045,17,23.0
5,5,0,0,0,1,0.4,0.4091,0.82,0.0896,10,17.0
5,6,0,0,0,2,0.4,0.4091,0.82,0.0896,13,10.0
5,7,0,0,0,2,0.42,0.4242,0.77,0.0896,33,13.0
5,8,0,0,0,2,0.44,0.4394,0.77,0.1343,59,33.0
5,9,0,0,0,2,0.46,0.4545,0.72,0.1343,141,59.0
5,10,0,0,0,2,0.48,0.4697,0.63,0.194,264,141.0
5,11,0,0,0,1,0.46,0.4545,0.82,0.1045,250,264.0
5,12,0,0,0,2,0.48,0.4697,0.77,0.1045,281,250.0
5,13,0,0,0,2,0.5,0.4848,0.63,0.1642,332,281.0
5,14,0,0,0,2,0.5,0.4848,0.68,0.1045,238,332.0
5,15,0,0,0,2,0.5,0.4848,0.72,0.0,266,238.0
5,16,0,0,0,2,0.5,0.4848,0.72,0.194,214,266.0
5,17,0,0,0,2,0.48,0.4697,0.82,0.2537,196,214.0
5,18,0,0,0,2,0.46,0.4545,0.82,0.0896,159,196.0
5,19,0,0,0,2,0.46,0.4545,0.84,0.1045,178,159.0
5,20,0,0,0,2,0.46,0.4545,0.82,0.0,121,178.0
5,21,0,0,0,2,0.46,0.4545,0.82,0.0,105,121.0
5,22,0,0,0,2,0.46,0.4545,0.82,0.0,100,105.0
5,23,0,0,0,1,0.46,0.4545,0.77,0.194,146,100.0
5,0,0,1,1,1,0.46,0.4545,0.72,0.1343,177,146.0
5,1,0,1,1,1,0.46,0.4545,0.72,0.1343,114,177.0
5,2,0,1,1,2,0.44,0.4394,0.77,0.2239,35,114.0
5,3,0,1,1,1,0.44,0.4394,0.77,0.1343,16,35.0
5,4,0,1,1,1,0.44,0.4394,0.77,0.1642,17,16.0
5,5,0,1,1,2,0.44,0.4394,0.77,0.1343,20,17.0
5,6,0,1,1,1,0.44,0.4394,0.88,0.1045,62,20.0
5,7,0,1,1,2,0.46,0.4545,0.82,0.3284,209,62.0
5,8,0,1,1,2,0.48,0.4697,0.77,0.2239,371,209.0
5,9,0,1,1,2,0.5,0.4848,0.77,0.2836,172,371.0
5,10,0,1,1,2,0.54,0.5152,0.77,0.2239,108,172.0
5,11,0,1,1,1,0.58,0.5455,0.73,0.2985,130,108.0
5,12,0,1,1,1,0.62,0.6061,0.69,0.2239,187,130.0
5,13,0,1,1,2,0.62,0.6061,0.69,0.194,170,187.0
5,14,0,1,1,1,0.64,0.6061,0.69,0.2239,181,170.0
5,15,0,1,1,1,0.66,0.6212,0.61,0.194,155,181.0
5,16,0,1,1,1,0.66,0.6212,0.61,0.2239,269,155.0
5,17,0,1,1,1,0.66,0.6212,0.65,0.194,537,269.0
5,18,0,1,1,2,0.64,0.6061,0.65,0.194,518,537.0
5,19,0,1,1,2,0.62,0.6061,0.69,0.1343,314,518.0
5,20,0,1,1,2,0.62,0.6061,0.69,0.1343,218,314.0
5,21,0,1,1,2,0.6,0.5909,0.73,0.1045,232,218.0
5,22,0,1,1,2,0.6,0.5909,0.73,0.0,125,232.0
5,23,0,1,1,2,0.56,0.5303,0.83,0.194,64,125.0
5,0,0,2,1,2,0.56,0.5303,0.83,0.2239,16,64.0
5,1,0,2,1,2,0.56,0.5303,0.78,0.2537,14,16.0
5,2,0,2,1,2,0.56,0.5303,0.78,0.2537,5,14.0
5,3,0,2,1,1,0.54,0.5152,0.83,0.2836,2,5.0
5,4,0,2,1,1,0.52,0.5,0.88,0.2239,4,2.0
5,5,0,2,1,1,0.52,0.5,0.88,0.1343,14,4.0
5,6,0,2,1,2,0.52,0.5,0.94,0.1642,109,14.0
5,7,0,2,1,2,0.54,0.5152,0.88,0.2239,265,109.0
5,8,0,2,1,2,0.56,0.5303,0.83,0.2836,459,265.0
5,9,0,2,1,2,0.6,0.5758,0.78,0.3582,186,459.0
5,10,0,2,1,2,0.64,0.6061,0.69,0.3582,127,186.0
5,11,0,2,1,2,0.66,0.6212,0.65,0.3284,140,127.0
5,12,0,2,1,2,0.68,0.6364,0.61,0.4925,217,140.0
5,13,0,2,1,2,0.7,0.6515,0.58,0.6119,194,217.0
5,14,0,2,1,2,0.7,0.6515,0.58,0.5224,158,194.0
5,15,0,2,1,2,0.7,0.6515,0.58,0.4478,154,158.0
5,16,0,2,1,1,0.72,0.6667,0.54,0.4627,271,154.0
5,17,0,2,1,1,0.7,0.6515,0.54,0.4627,517,271.0
5,18,0,2,1,1,0.7,0.6515,0.48,0.4179,544,517.0
5,19,0,2,1,1,0.68,0.6364,0.57,0.3582,365,544.0
5,20,0,2,1,1,0.66,0.6212,0.61,0.194,290,365.0
5,21,0,2,1,2,0.64,0.6212,0.61,0.4478,225,290.0
5,22,0,2,1,2,0.58,0.5455,0.6,0.3881,113,225.0
5,23,0,2,1,2,0.56,0.5303,0.68,0.3284,62,113.0
5,0,0,3,1,3,0.52,0.5,0.77,0.1642,27,62.0
5,1,0,3,1,3,0.5,0.4848,0.82,0.2836,7,27.0
5,2,0,3,1,3,0.5,0.4848,0.82,0.2836,4,7.0
5,3,0,3,1,3,0.42,0.4242,0.88,0.5224,1,4.0
5,4,0,3,1,3,0.38,0.3939,0.94,0.3284,3,1.0
5,5,0,3,1,3,0.36,0.3333,0.87,0.3284,9,3.0
5,6,0,3,1,3,0.34,0.303,0.93,0.3881,21,9.0
5,7,0,3,1,3,0.34,0.303,0.93,0.3582,52,21.0
5,8,0,3,1,3,0.34,0.303,0.93,0.3881,79,52.0
5,9,0,3,1,3,0.34,0.303,0.93,0.3582,40,79.0
5,10,0,3,1,2,0.34,0.3182,0.93,0.2836,31,40.0
5,11,0,3,1,1,0.4,0.4091,0.82,0.3284,72,31.0
5,12,0,3,1,2,0.44,0.4394,0.62,0.3582,124,72.0
5,13,0,3,1,2,0.46,0.4545,0.59,0.4478,143,124.0
5,14,0,3,1,1,0.5,0.4848,0.51,0.3881,107,143.0
5,15,0,3,1,1,0.48,0.4697,0.51,0.4179,129,107.0
5,16,0,3,1,1,0.5,0.4848,0.45,0.4627,195,129.0
5,17,0,3,1,1,0.4,0.4091,0.71,0.2537,410,195.0
5,18,0,3,1,1,0.42,0.4242,0.67,0.2537,396,410.0
5,19,0,3,1,1,0.42,0.4242,0.58,0.3582,296,396.0
5,20,0,3,1,1,0.4,0.4091,0.62,0.3284,191,296.0
5,21,0,3,1,1,0.4,0.4091,0.62,0.1642,150,191.0
5,22,0,3,1,1,0.38,0.3939,0.62,0.2239,89,150.0
5,23,0,3,1,1,0.36,0.3485,0.62,0.2239,57,89.0
5,0,0,4,1,1,0.36,0.3485,0.66,0.194,27,57.0
5,1,0,4,1,1,0.34,0.3333,0.71,0.194,10,27.0
5,2,0,4,1,1,0.34,0.3182,0.66,0.2239,5,10.0
5,3,0,4,1,1,0.34,0.3182,0.66,0.2537,4,5.0
5,4,0,4,1,1,0.34,0.3182,0.66,0.2537,7,4.0
5,5,0,4,1,1,0.34,0.3182,0.66,0.2537,30,7.0
5,6,0,4,1,1,0.34,0.3182,0.66,0.2537,89,30.0
5,7,0,4,1,1,0.38,0.3939,0.58,0.2537,271,89.0
5,8,0,4,1,1,0.42,0.4242,0.5,0.2537,440,271.0
5,9,0,4,1,1,0.46,0.4545,0.44,0.2836,184,440.0
5,10,0,4,1,1,0.5,0.4848,0.39,0.2836,128,184.0
5,11,0,4,1,1,0.52,0.5,0.36,0.4478,148,128.0
5,12,0,4,1,1,0.52,0.5,0.34,0.3582,196,148.0
5,13,0,4,1,1,0.54,0.5152,0.3,0.5821,192,196.0
5,14,0,4,1,1,0.54,0.5152,0.28,0.4478,154,192.0
5,15,0,4,1,1,0.56,0.5303,0.26,0.4925,147,154.0
5,16,0,4,1,1,0.58,0.5455,0.24,0.4179,269,147.0
5,17,0,4,1,1,0.56,0.5303,0.26,0.3881,533,269.0
5,18,0,4,1,1,0.56,0.5303,0.26,0.2836,520,533.0
5,19,0,4,1,1,0.54,0.5152,0.28,0.2239,361,520.0
5,20,0,4,1,1,0.5,0.4848,0.34,0.1642,258,361.0
5,21,0,4,1,1,0.5,0.4848,0.36,0.194,180,258.0
5,22,0,4,1,1,0.48,0.4697,0.39,0.194,165,180.0
5,23,0,4,1,1,0.46,0.4545,0.41,0.194,115,165.0
5,0,0,5,1,1,0.44,0.4394,0.44,0.1642,56,115.0
5,1,0,5,1,1,0.4,0.4091,0.62,0.1642,32,56.0
5,2,0,5,1,1,0.38,0.3939,0.62,0.1045,16,32.0
5,3,0,5,1,1,0.36,0.3636,0.71,0.1045,9,16.0
5,4,0,5,1,1,0.36,0.3636,0.71,0.1045,1,9.0
5,5,0,5,1,1,0.34,0.3485,0.81,0.1045,16,1.0
5,6,0,5,1,1,0.36,0.3636,0.81,0.0896,82,16.0
5,7,0,5,1,1,0.4,0.4091,0.82,0.0,222,82.0
5,8,0,5,1,1,0.42,0.4242,0.77,0.2537,450,222.0
5,9,0,5,1,1,0.46,0.4545,0.67,0.2836,188,450.0
5,10,0,5,1,2,0.54,0.5152,0.49,0.3284,127,188.0
5,11,0,5,1,2,0.54,0.5152,0.49,0.3284,165,127.0
5,12,0,5,1,1,0.56,0.5303,0.49,0.3582,246,165.0
5,13,0,5,1,1,0.58,0.5455,0.4,0.3284,253,246.0
5,14,0,5,1,1,0.6,0.6212,0.4,0.4478,213,253.0
5,15,0,5,1,1,0.6,0.6212,0.38,0.3881,260,213.0
5,16,0,5,1,1,0.6,0.6212,0.4,0.2537,344,260.0
5,17,0,5,1,1,0.58,0.5455,0.4,0.3582,553,344.0
5,18,0,5,1,3,0.54,0.5152,0.52,0.3582,470,553.0
5,19,0,5,1,3,0.54,0.5152,0.52,0.3582,292,470.0
5,20,0,5,1,1,0.52,0.5,0.48,0.1045,190,292.0
5,21,0,5,1,1,0.48,0.4697,0.67,0.1343,152,190.0
5,22,0,5,1,1,0.46,0.4545,0.72,0.2239,151,152.0
5,23,0,5,1,1,0.44,0.4394,0.82,0.1343,120,151.0
5,0,0,6,0,1,0.42,0.4242,0.82,0.1343,86,120.0
5,1,0,6,0,1,0.42,0.4242,0.82,0.1045,58,86.0
5,2,0,6,0,1,0.42,0.4242,0.82,0.0896,52,58.0
5,3,0,6,0,1,0.42,0.4242,0.77,0.0896,18,52.0
5,4,0,6,0,1,0.4,0.4091,0.82,0.1045,5,18.0
5,5,0,6,0,1,0.46,0.4545,0.59,0.1343,7,5.0
5,6,0,6,0,1,0.42,0.4242,0.77,0.0896,13,7.0
5,7,0,6,0,1,0.48,0.4697,0.59,0.0,40,13.0
5,8,0,6,0,1,0.52,0.5,0.52,0.194,115,40.0
5,9,0,6,0,1,0.54,0.5152,0.49,0.2836,218,115.0
5,10,0,6,0,1,0.56,0.5303,0.49,0.2985,298,218.0
5,11,0,6,0,1,0.56,0.5303,0.43,0.0,347,298.0
5,12,0,6,0,1,0.6,0.6212,0.4,0.194,373,347.0
5,13,0,6,0,1,0.6,0.6212,0.35,0.2836,436,373.0
5,14,0,6,0,3,0.6,0.6212,0.35,0.1642,378,436.0
5,15,0,6,0,1,0.6,0.6212,0.38,0.2537,378,378.0
5,16,0,6,0,1,0.6,0.6212,0.38,0.194,342,378.0
5,17,0,6,0,1,0.58,0.5455,0.4,0.2239,354,342.0
5,18,0,6,0,1,0.58,0.5455,0.37,0.1642,289,354.0
5,19,0,6,0,1,0.56,0.5303,0.43,0.194,267,289.0
5,20,0,6,0,1,0.56,0.5303,0.43,0.1343,219,267.0
5,21,0,6,0,1,0.54,0.5152,0.49,0.2239,182,219.0
5,22,0,6,0,1,0.54,0.5152,0.49,0.194,120,182.0
5,23,0,6,0,1,0.5,0.4848,0.59,0.1045,119,120.0
5,0,0,0,0,2,0.5,0.4848,0.59,0.1045,100,119.0
5,1,0,0,0,2,0.52,0.5,0.55,0.0,64,100.0
5,2,0,0,0,1,0.48,0.4697,0.63,0.0,59,64.0
5,3,0,0,0,1,0.46,0.4545,0.72,0.0896,31,59.0
5,4,0,0,0,1,0.42,0.4242,0.82,0.0,10,31.0
5,5,0,0,0,2,0.44,0.4394,0.77,0.0,5,10.0
5,6,0,0,0,2,0.44,0.4394,0.82,0.0,6,5.0
5,7,0,0,0,2,0.46,0.4545,0.82,0.0,23,6.0
5,8,0,0,0,1,0.52,0.5,0.63,0.1343,86,23.0
5,9,0,0,0,1,0.56,0.5303,0.52,0.2239,160,86.0
5,10,0,0,0,1,0.58,0.5455,0.49,0.1343,244,160.0
5,11,0,0,0,1,0.58,0.5455,0.49,0.0896,340,244.0
5,12,0,0,0,1,0.6,0.6212,0.46,0.0896,382,340.0
5,13,0,0,0,1,0.6,0.6212,0.49,0.1343,390,382.0
5,14,0,0,0,1,0.6,0.6212,0.49,0.0,366,390.0
5,15,0,0,0,1,0.6,0.6212,0.49,0.0,358,366.0
5,16,0,0,0,1,0.6,0.6212,0.46,0.1045,385,358.0
5,17,0,0,0,3,0.58,0.5455,0.49,0.2836,351,385.0
5,18,0,0,0,1,0.58,0.5455,0.49,0.0,268,351.0
5,19,0,0,0,1,0.56,0.5303,0.64,0.0,239,268.0
5,20,0,0,0,1,0.52,0.5,0.77,0.1343,174,239.0
5,21,0,0,0,1,0.52,0.5,0.77,0.0896,127,174.0
5,22,0,0,0,1,0.5,0.4848,0.88,0.0896,115,127.0
5,23,0,0,0,1,0.46,0.4545,0.88,0.0896,50,115.0
5,0,0,1,1,1,0.46,0.4545,0.82,0.0896,53,50.0
5,1,0,1,1,1,0.44,0.4394,0.88,0.0,33,53.0
5,2,0,1,1,1,0.44,0.4394,0.94,0.0,8,33.0
5,3,0,1,1,1,0.46,0.4545,0.82,0.0896,7,8.0
5,4,0,1,1,1,0.42,0.4242,0.82,0.1642,4,7.0
5,5,0,1,1,1,0.42,0.4242,0.77,0.1642,23,4.0
5,6,0,1,1,1,0.44,0.4394,0.72,0.2537,89,23.0
5,7,0,1,1,1,0.48,0.4697,0.63,0.2537,237,89.0
5,8,0,1,1,1,0.52,0.5,0.55,0.2239,374,237.0
5,9,0,1,1,1,0.54,0.5152,0.56,0.1642,178,374.0
5,10,0,1,1,1,0.56,0.5303,0.52,0.194,119,178.0
5,11,0,1,1,1,0.6,0.6212,0.46,0.2239,125,119.0
5,12,0,1,1,1,0.6,0.6212,0.43,0.194,195,125.0
5,13,0,1,1,1,0.62,0.6212,0.38,0.2836,174,195.0
5,14,0,1,1,1,0.62,0.6212,0.41,0.2239,162,174.0
5,15,0,1,1,1,0.62,0.6212,0.41,0.2239,199,162.0
5,16,0,1,1,1,0.64,0.6212,0.38,0.2239,304,199.0
5,17,0,1,1,1,0.62,0.6212,0.38,0.2537,598,304.0
5,18,0,1,1,1,0.62,0.6212,0.38,0.2985,524,598.0
5,19,0,1,1,1,0.58,0.5455,0.43,0.194,384,524.0
5,20,0,1,1,1,0.54,0.5152,0.49,0.194,239,384.0
5,21,0,1,1,1,0.52,0.5,0.59,0.1343,156,239.0
5,22,0,1,1,1,0.52,0.5,0.68,0.0896,116,156.0
5,23,0,1,1,1,0.5,0.4848,0.68,0.0896,61,116.0
5,0,0,2,1,1,0.48,0.4697,0.63,0.0,18,61.0
5,1,0,2,1,1,0.46,0.4545,0.59,0.0896,15,18.0
5,2,0,2,1,1,0.44,0.4394,0.58,0.1343,5,15.0
5,3,0,2,1,1,0.44,0.4394,0.54,0.194,4,5.0
5,4,0,2,1,1,0.42,0.4242,0.62,0.2537,2,4.0
5,5,0,2,1,1,0.4,0.4091,0.66,0.2239,29,2.0
5,6,0,2,1,1,0.42,0.4242,0.67,0.1343,112,29.0
5,7,0,2,1,2,0.44,0.4394,0.62,0.1343,314,112.0
5,8,0,2,1,2,0.5,0.4848,0.51,0.1045,425,314.0
5,9,0,2,1,2,0.52,0.5,0.48,0.1045,205,425.0
5,10,0,2,1,2,0.56,0.5303,0.37,0.0896,127,205.0
5,11,0,2,1,2,0.56,0.5303,0.43,0.1343,125,127.0
5,12,0,2,1,2,0.6,0.6212,0.38,0.0,217,125.0
5,13,0,2,1,2,0.62,0.6212,0.38,0.2537,202,217.0
5,14,0,2,1,2,0.62,0.6212,0.33,0.0,176,202.0
5,15,0,2,1,2,0.64,0.6212,0.33,0.0896,180,176.0
5,16,0,2,1,1,0.66,0.6212,0.31,0.1045,327,180.0
5,17,0,2,1,1,0.64,0.6212,0.33,0.0,611,327.0
5,18,0,2,1,1,0.64,0.6212,0.29,0.1343,550,611.0
5,19,0,2,1,1,0.6,0.6212,0.43,0.2239,434,550.0
5,20,0,2,1,1,0.54,0.5152,0.6,0.1343,291,434.0
5,21,0,2,1,1,0.54,0.5152,0.52,0.0,203,291.0
5,22,0,2,1,1,0.52,0.5,0.55,0.1045,150,203.0
5,23,0,2,1,2,0.52,0.5,0.59,0.1343,81,150.0
5,0,0,3,1,2,0.52,0.5,0.55,0.1343,38,81.0
5,1,0,3,1,2,0.5,0.4848,0.59,0.1045,20,38.0
5,2,0,3,1,1,0.52,0.5,0.59,0.0,10,20.0
5,3,0,3,1,1,0.5,0.4848,0.63,0.2239,3,10.0
5,4,0,3,1,2,0.48,0.4697,0.88,0.1343,2,3.0
5,5,0,3,1,1,0.46,0.4545,0.88,0.1343,20,2.0
5,6,0,3,1,1,0.46,0.4545,0.82,0.1343,99,20.0
5,7,0,3,1,1,0.48,0.4697,0.72,0.194,318,99.0
5,8,0,3,1,1,0.48,0.4697,0.77,0.2537,442,318.0
5,9,0,3,1,1,0.52,0.5,0.72,0.1343,203,442.0
5,10,0,3,1,1,0.54,0.5152,0.68,0.0896,154,203.0
5,11,0,3,1,1,0.56,0.5303,0.64,0.0896,141,154.0
5,12,0,3,1,1,0.6,0.6212,0.56,0.0,226,141.0
5,13,0,3,1,1,0.62,0.6212,0.5,0.0,193,226.0
5,14,0,3,1,1,0.62,0.6212,0.53,0.0896,177,193.0
5,15,0,3,1,1,0.64,0.6212,0.41,0.0,179,177.0
5,16,0,3,1,1,0.66,0.6212,0.39,0.0,289,179.0
5,17,0,3,1,1,0.64,0.6212,0.47,0.1045,259,289.0
5,18,0,3,1,1,0.62,0.6212,0.5,0.2985,274,259.0
5,19,0,3,1,1,0.56,0.5303,0.52,0.1343,401,274.0
5,20,0,3,1,1,0.54,0.5152,0.64,0.1343,273,401.0
5,21,0,3,1,1,0.54,0.5152,0.6,0.0,234,273.0
5,22,0,3,1,1,0.5,0.4848,0.72,0.2537,146,234.0
5,23,0,3,1,1,0.46,0.4545,0.88,0.2537,81,146.0
5,0,0,4,1,2,0.46,0.4545,0.88,0.2239,44,81.0
5,1,0,4,1,1,0.46,0.4545,0.88,0.2239,17,44.0
5,2,0,4,1,1,0.44,0.4394,0.94,0.194,15,17.0
5,3,0,4,1,1,0.44,0.4394,0.88,0.1343,5,15.0
5,4,0,4,1,1,0.42,0.4242,0.94,0.0,6,5.0
5,5,0,4,1,1,0.42,0.4242,0.94,0.1343,29,6.0
5,6,0,4,1,1,0.44,0.4394,0.88,0.0,112,29.0
5,7,0,4,1,1,0.46,0.4545,0.88,0.1343,297,112.0
5,8,0,4,1,1,0.48,0.4697,0.82,0.194,421,297.0
5,9,0,4,1,2,0.5,0.4848,0.77,0.2836,212,421.0
5,10,0,4,1,2,0.54,0.5152,0.68,0.2239,147,212.0
5,11,0,4,1,1,0.58,0.5455,0.6,0.2239,179,147.0
5,12,0,4,1,1,0.58,0.5455,0.6,0.2239,207,179.0
5,13,0,4,1,2,0.62,0.6212,0.57,0.2985,218,207.0
5,14,0,4,1,2,0.62,0.6061,0.61,0.2239,191,218.0
5,15,0,4,1,2,0.64,0.6212,0.53,0.2537,217,191.0
5,16,0,4,1,2,0.64,0.6212,0.57,0.2537,288,217.0
5,17,0,4,1,2,0.64,0.6212,0.57,0.194,594,288.0
5,18,0,4,1,1,0.62,0.6061,0.69,0.2239,527,594.0
5,19,0,4,1,2,0.6,0.6061,0.64,0.194,364,527.0
5,20,0,4,1,1,0.6,0.6061,0.64,0.194,276,364.0
5,21,0,4,1,1,0.56,0.5303,0.83,0.1343,223,276.0
5,22,0,4,1,1,0.54,0.5152,0.83,0.194,172,223.0
5,23,0,4,1,2,0.54,0.5152,0.77,0.194,103,172.0
5,0,0,5,1,2,0.52,0.5,0.83,0.1642,52,103.0
5,1,0,5,1,1,0.52,0.5,0.83,0.1642,20,52.0
5,2,0,5,1,2,0.5,0.4848,0.88,0.1343,11,20.0
5,3,0,5,1,2,0.5,0.4848,0.88,0.1343,4,11.0
5,4,0,5,1,3,0.5,0.4848,0.88,0.1642,5,4.0
5,5,0,5,1,2,0.5,0.4848,0.88,0.194,25,5.0
5,6,0,5,1,3,0.5,0.4848,0.88,0.1343,82,25.0
5,7,0,5,1,3,0.5,0.4848,0.88,0.1642,157,82.0
5,8,0,5,1,2,0.5,0.4848,0.88,0.194,387,157.0
5,9,0,5,1,2,0.5,0.4848,0.88,0.194,233,387.0
5,10,0,5,1,2,0.52,0.5,0.83,0.1343,130,233.0
5,11,0,5,1,2,0.52,0.5,0.83,0.1642,146,130.0
5,12,0,5,1,2,0.52,0.5,0.88,0.194,223,146.0
5,13,0,5,1,2,0.52,0.5,0.88,0.3881,226,223.0
5,14,0,5,1,2,0.52,0.5,0.87,0.2836,190,226.0
5,15,0,5,1,2,0.52,0.5,0.88,0.1642,198,190.0
5,16,0,5,1,2,0.52,0.5,0.88,0.1343,300,198.0
5,17,0,5,1,3,0.52,0.5,0.88,0.1642,491,300.0
5,18,0,5,1,3,0.52,0.5,0.88,0.1642,398,491.0
5,19,0,5,1,2,0.52,0.5,0.83,0.194,270,398.0
5,20,0,5,1,2,0.52,0.5,0.83,0.1343,152,270.0
5,21,0,5,1,2,0.52,0.5,0.84,0.1642,154,152.0
5,22,0,5,1,2,0.52,0.5,0.83,0.2239,132,154.0
5,23,0,5,1,3,0.5,0.4848,0.88,0.1642,119,132.0
5,0,0,6,0,2,0.5,0.4848,0.88,0.1343,102,119.0
5,1,0,6,0,2,0.5,0.4848,0.88,0.1343,82,102.0
5,2,0,6,0,2,0.5,0.4848,0.88,0.1343,52,82.0
5,3,0,6,0,2,0.5,0.4848,0.88,0.1343,35,52.0
5,4,0,6,0,2,0.5,0.4848,0.82,0.1642,5,35.0
5,5,0,6,0,2,0.5,0.4848,0.82,0.1045,14,5.0
5,6,0,6,0,2,0.5,0.4848,0.88,0.1045,11,14.0
5,7,0,6,0,3,0.48,0.4697,1.0,0.0,32,11.0
5,8,0,6,0,3,0.5,0.4848,0.94,0.0,88,32.0
5,9,0,6,0,2,0.52,0.5,0.94,0.0896,100,88.0
5,10,0,6,0,2,0.52,0.5,0.94,0.1642,167,100.0
5,11,0,6,0,2,0.52,0.5,0.94,0.1343,279,167.0
5,12,0,6,0,3,0.52,0.5,1.0,0.0896,279,279.0
5,13,0,6,0,3,0.52,0.5,1.0,0.0896,248,279.0
5,14,0,6,0,2,0.54,0.5152,0.94,0.1343,216,248.0
5,15,0,6,0,2,0.54,0.5152,0.94,0.1642,294,216.0
5,16,0,6,0,2,0.54,0.5152,0.94,0.194,295,294.0
5,17,0,6,0,2,0.56,0.5303,0.88,0.194,272,295.0
5,18,0,6,0,2,0.56,0.5303,0.88,0.2239,304,272.0
5,19,0,6,0,3,0.54,0.5152,0.94,0.1343,248,304.0
5,20,0,6,0,3,0.54,0.5152,0.94,0.1343,157,248.0
5,21,0,6,0,3,0.54,0.5152,0.94,0.2239,59,157.0
5,22,0,6,0,3,0.54,0.5152,0.94,0.1642,26,59.0
5,23,0,6,0,3,0.52,0.5,1.0,0.194,44,26.0
5,0,0,0,0,2,0.52,0.5,1.0,0.0,39,44.0
5,1,0,0,0,2,0.52,0.5,1.0,0.1045,47,39.0
5,2,0,0,0,2,0.52,0.5,1.0,0.1343,50,47.0
5,3,0,0,0,2,0.52,0.5,1.0,0.0,32,50.0
5,4,0,0,0,2,0.52,0.5,1.0,0.0,13,32.0
5,5,0,0,0,3,0.52,0.5,1.0,0.1045,14,13.0
5,6,0,0,0,2,0.52,0.5,1.0,0.1343,17,14.0
5,7,0,0,0,2,0.52,0.5,1.0,0.1343,42,17.0
5,8,0,0,0,2,0.54,0.5152,0.94,0.1343,70,42.0
5,9,0,0,0,1,0.58,0.5455,0.83,0.2537,134,70.0
5,10,0,0,0,1,0.58,0.5455,0.83,0.2239,226,134.0
5,11,0,0,0,1,0.6,0.5758,0.78,0.2239,322,226.0
5,12,0,0,0,1,0.62,0.5909,0.73,0.2985,367,322.0
5,13,0,0,0,1,0.62,0.5909,0.73,0.2836,456,367.0
5,14,0,0,0,1,0.64,0.6061,0.73,0.194,437,456.0
5,15,0,0,0,1,0.66,0.6212,0.69,0.2537,459,437.0
5,16,0,0,0,1,0.64,0.6061,0.69,0.2537,440,459.0
5,17,0,0,0,3,0.56,0.5303,0.78,0.3582,392,440.0
5,18,0,0,0,1,0.56,0.5303,0.78,0.2537,237,392.0
5,19,0,0,0,1,0.56,0.5303,0.83,0.1045,231,237.0
5,20,0,0,0,1,0.54,0.5152,0.88,0.0,191,231.0
5,21,0,0,0,1,0.54,0.5152,0.88,0.0,151,191.0
5,22,0,0,0,1,0.56,0.5303,0.83,0.0,117,151.0
5,23,0,0,0,1,0.54,0.5152,0.88,0.2239,69,117.0
5,0,0,1,1,1,0.52,0.5,0.94,0.1045,38,69.0
5,1,0,1,1,1,0.52,0.5,0.94,0.1343,14,38.0
5,2,0,1,1,1,0.5,0.4848,1.0,0.0896,13,14.0
5,3,0,1,1,1,0.5,0.4848,0.94,0.1642,4,13.0
5,4,0,1,1,1,0.5,0.4848,1.0,0.1343,6,4.0
5,5,0,1,1,1,0.5,0.4848,0.93,0.194,21,6.0
5,6,0,1,1,1,0.52,0.5,0.88,0.1642,104,21.0
5,7,0,1,1,1,0.52,0.5,0.83,0.2836,272,104.0
5,8,0,1,1,1,0.56,0.5303,0.73,0.2985,394,272.0
5,9,0,1,1,1,0.6,0.5909,0.69,0.194,194,394.0
5,10,0,1,1,1,0.62,0.6061,0.65,0.0896,112,194.0
5,11,0,1,1,1,0.64,0.6212,0.57,0.0,185,112.0
5,12,0,1,1,1,0.66,0.6212,0.54,0.0896,209,185.0
5,13,0,1,1,1,0.68,0.6364,0.51,0.0,214,209.0
5,14,0,1,1,1,0.68,0.6364,0.51,0.0,193,214.0
5,15,0,1,1,1,0.72,0.6667,0.51,0.0,165,193.0
5,16,0,1,1,3,0.6,0.5758,0.78,0.2537,226,165.0
5,17,0,1,1,1,0.58,0.5455,0.88,0.2239,274,226.0
5,18,0,1,1,3,0.58,0.5455,0.83,0.194,453,274.0
5,19,0,1,1,1,0.58,0.5455,0.83,0.2537,308,453.0
5,20,0,1,1,1,0.58,0.5455,0.83,0.0,198,308.0
5,21,0,1,1,1,0.58,0.5455,0.83,0.0,177,198.0
5,22,0,1,1,1,0.56,0.5303,0.88,0.0896,127,177.0
5,23,0,1,1,1,0.56,0.5303,0.88,0.0896,57,127.0
5,0,0,2,1,2,0.56,0.5303,0.88,0.0,31,57.0
5,1,0,2,1,3,0.56,0.5303,0.88,0.0,13,31.0
5,2,0,2,1,3,0.56,0.5303,0.88,0.0,8,13.0
5,3,0,2,1,3,0.54,0.5152,0.94,0.2537,4,8.0
5,4,0,2,1,3,0.54,0.5152,0.94,0.2537,4,4.0
5,5,0,2,1,3,0.52,0.5,0.94,0.2537,22,4.0
5,6,0,2,1,3,0.52,0.5,0.94,0.2537,49,22.0
5,7,0,2,1,2,0.52,0.5,0.94,0.2537,151,49.0
5,8,0,2,1,2,0.52,0.5,0.94,0.2985,347,151.0
5,9,0,2,1,2,0.54,0.5152,0.88,0.2537,207,347.0
5,10,0,2,1,3,0.54,0.5152,0.88,0.2537,104,207.0
5,11,0,2,1,2,0.56,0.5303,0.83,0.4179,130,104.0
5,12,0,2,1,3,0.56,0.5303,0.83,0.4179,153,130.0
5,13,0,2,1,2,0.56,0.5303,0.88,0.3284,172,153.0
5,14,0,2,1,1,0.62,0.5909,0.73,0.4627,184,172.0
5,15,0,2,1,1,0.62,0.6061,0.69,0.4478,210,184.0
5,16,0,2,1,1,0.62,0.6061,0.61,0.3284,290,210.0
5,17,0,2,1,1,0.62,0.6061,0.65,0.4179,604,290.0
5,18,0,2,1,1,0.6,0.5909,0.69,0.2985,480,604.0
5,19,0,2,1,1,0.6,0.5909,0.69,0.2537,349,480.0
5,20,0,2,1,1,0.58,0.5455,0.83,0.4179,283,349.0
5,21,0,2,1,1,0.54,0.5152,0.88,0.2537,174,283.0
5,22,0,2,1,2,0.54,0.5152,0.88,0.2836,98,174.0
5,23,0,2,1,2,0.54,0.5152,0.88,0.2537,56,98.0
5,0,0,3,1,2,0.54,0.5152,0.88,0.2239,23,56.0
5,1,0,3,1,2,0.54,0.5152,0.88,0.2537,12,23.0
5,2,0,3,1,3,0.52,0.5,0.94,0.2239,6,12.0
5,3,0,3,1,3,0.52,0.5,0.94,0.2985,9,6.0
5,4,0,3,1,3,0.52,0.5,0.94,0.2985,3,9.0
5,5,0,3,1,1,0.52,0.5,1.0,0.2239,9,3.0
5,6,0,3,1,1,0.52,0.5,1.0,0.1343,101,9.0
5,7,0,3,1,1,0.54,0.5152,0.88,0.194,274,101.0
5,8,0,3,1,1,0.56,0.5303,0.88,0.2836,453,274.0
5,9,0,3,1,3,0.56,0.5303,0.83,0.2537,202,453.0
5,10,0,3,1,3,0.54,0.5152,0.88,0.2836,106,202.0
5,11,0,3,1,2,0.54,0.5152,0.94,0.0896,23,106.0
5,12,0,3,1,1,0.56,0.5303,0.94,0.2985,54,23.0
5,13,0,3,1,2,0.56,0.5303,0.83,0.3284,122,54.0
5,14,0,3,1,2,0.58,0.5455,0.78,0.2836,138,122.0
5,15,0,3,1,1,0.6,0.5758,0.78,0.2537,167,138.0
5,16,0,3,1,1,0.6,0.5909,0.73,0.194,294,167.0
5,17,0,3,1,1,0.6,0.5909,0.69,0.1343,565,294.0
5,18,0,3,1,1,0.6,0.5909,0.73,0.2239,489,565.0
5,19,0,3,1,3,0.56,0.5303,0.88,0.1343,331,489.0
5,20,0,3,1,3,0.56,0.5303,0.88,0.1343,213,331.0
5,21,0,3,1,1,0.52,0.5,0.88,0.0,85,213.0
5,22,0,3,1,1,0.52,0.5,0.83,0.0,117,85.0
5,23,0,3,1,1,0.52,0.5,0.94,0.0896,59,117.0
5,0,0,4,1,1,0.52,0.5,0.94,0.1045,29,59.0
5,1,0,4,1,1,0.5,0.4848,0.94,0.0,6,29.0
5,2,0,4,1,1,0.5,0.4848,0.94,0.0,15,6.0
5,3,0,4,1,1,0.48,0.4697,1.0,0.0,4,15.0
5,4,0,4,1,1,0.48,0.4697,0.94,0.0,5,4.0
5,5,0,4,1,1,0.48,0.4697,0.94,0.0,26,5.0
5,6,0,4,1,2,0.5,0.4848,0.94,0.0,103,26.0
5,7,0,4,1,2,0.5,0.4848,1.0,0.0,257,103.0
5,8,0,4,1,2,0.52,0.5,0.88,0.0,487,257.0
5,9,0,4,1,2,0.54,0.5152,0.88,0.0896,216,487.0
5,10,0,4,1,2,0.54,0.5152,0.83,0.0,130,216.0
5,11,0,4,1,3,0.54,0.5152,0.88,0.1642,164,130.0
5,12,0,4,1,2,0.58,0.5455,0.78,0.1045,168,164.0
5,13,0,4,1,3,0.58,0.5455,0.64,0.2537,183,168.0
5,14,0,4,1,3,0.54,0.5152,0.73,0.194,180,183.0
5,15,0,4,1,1,0.56,0.5303,0.78,0.1642,188,180.0
5,16,0,4,1,1,0.58,0.5455,0.64,0.194,302,188.0
5,17,0,4,1,1,0.56,0.5303,0.78,0.1642,547,302.0
5,18,0,4,1,1,0.6,0.6212,0.55,0.1642,513,547.0
5,19,0,4,1,1,0.58,0.5455,0.6,0.1343,410,513.0
5,20,0,4,1,1,0.54,0.5152,0.77,0.2836,282,410.0
5,21,0,4,1,1,0.54,0.5152,0.77,0.2836,209,282.0
5,22,0,4,1,3,0.5,0.4848,0.82,0.2985,79,209.0
5,23,0,4,1,1,0.48,0.4697,0.94,0.0,72,79.0
5,0,0,5,1,1,0.46,0.4545,0.94,0.0896,48,72.0
5,1,0,5,1,1,0.46,0.4545,1.0,0.0,25,48.0
5,2,0,5,1,1,0.44,0.4394,1.0,0.0896,8,25.0
5,3,0,5,1,1,0.44,0.4394,1.0,0.0,5,8.0
5,4,0,5,1,1,0.44,0.4394,0.94,0.0896,5,5.0
5,5,0,5,1,1,0.44,0.4394,0.94,0.1045,28,5.0
5,6,0,5,1,1,0.46,0.4545,0.88,0.1045,117,28.0
5,7,0,5,1,1,0.5,0.4848,0.77,0.1642,319,117.0
5,8,0,5,1,1,0.54,0.5152,0.68,0.0,517,319.0
5,9,0,5,1,1,0.54,0.5152,0.68,0.2239,234,517.0
5,10,0,5,1,1,0.56,0.5303,0.64,0.194,148,234.0
5,11,0,5,1,2,0.58,0.5455,0.6,0.194,196,148.0
5,12,0,5,1,2,0.6,0.6212,0.56,0.2537,255,196.0
5,13,0,5,1,3,0.6,0.6212,0.56,0.2836,232,255.0
5,14,0,5,1,1,0.62,0.6212,0.53,0.2239,197,232.0
5,15,0,5,1,2,0.6,0.6212,0.56,0.194,242,197.0
5,16,0,5,1,2,0.6,0.6212,0.53,0.1642,330,242.0
5,17,0,5,1,1,0.62,0.6212,0.53,0.0,554,330.0
5,18,0,5,1,1,0.6,0.6212,0.56,0.1642,473,554.0
5,19,0,5,1,1,0.58,0.5455,0.64,0.0896,302,473.0
5,20,0,5,1,1,0.58,0.5455,0.64,0.1045,220,302.0
5,21,0,5,1,1,0.56,0.5303,0.64,0.1045,195,220.0
5,22,0,5,1,1,0.54,0.5152,0.73,0.0,152,195.0
5,23,0,5,1,1,0.52,0.5,0.72,0.1642,115,152.0
5,0,0,6,0,1,0.52,0.5,0.77,0.1045,98,115.0
5,1,0,6,0,1,0.52,0.5,0.72,0.0,72,98.0
5,2,0,6,0,1,0.52,0.5,0.72,0.1045,40,72.0
5,3,0,6,0,1,0.48,0.4697,0.82,0.1045,19,40.0
5,4,0,6,0,1,0.46,0.4545,0.88,0.1343,7,19.0
5,5,0,6,0,1,0.46,0.4545,0.88,0.1045,5,7.0
5,6,0,6,0,1,0.5,0.4848,0.82,0.1343,28,5.0
5,7,0,6,0,1,0.54,0.5152,0.73,0.1343,43,28.0
5,8,0,6,0,1,0.56,0.5303,0.68,0.2836,126,43.0
5,9,0,6,0,1,0.6,0.6061,0.64,0.2239,225,126.0
5,10,0,6,0,1,0.62,0.6061,0.61,0.1045,323,225.0
5,11,0,6,0,1,0.64,0.6212,0.53,0.1343,418,323.0
5,12,0,6,0,1,0.66,0.6212,0.5,0.0,493,418.0
5,13,0,6,0,1,0.7,0.6364,0.45,0.0,462,493.0
5,14,0,6,0,1,0.72,0.6515,0.42,0.0,456,462.0
5,15,0,6,0,1,0.72,0.6515,0.45,0.2537,506,456.0
5,16,0,6,0,2,0.72,0.6515,0.39,0.2537,471,506.0
5,17,0,6,0,2,0.72,0.6515,0.42,0.1642,444,471.0
5,18,0,6,0,2,0.7,0.6364,0.45,0.1642,444,444.0
5,19,0,6,0,1,0.68,0.6364,0.47,0.1642,301,444.0
5,20,0,6,0,1,0.62,0.6061,0.61,0.0,248,301.0
5,21,0,6,0,1,0.62,0.6061,0.61,0.1045,227,248.0
5,22,0,6,0,1,0.6,0.5909,0.69,0.1343,204,227.0
5,23,0,6,0,1,0.58,0.5455,0.78,0.0896,145,204.0
5,0,0,0,0,1,0.54,0.5152,0.88,0.1642,131,145.0
5,1,0,0,0,1,0.52,0.5,0.94,0.1343,98,131.0
5,2,0,0,0,1,0.52,0.5,0.94,0.1045,68,98.0
5,3,0,0,0,1,0.5,0.4848,1.0,0.1045,33,68.0
5,4,0,0,0,1,0.5,0.4848,1.0,0.0,12,33.0
5,5,0,0,0,1,0.5,0.4848,1.0,0.1045,6,12.0
5,6,0,0,0,1,0.52,0.5,0.94,0.1045,18,6.0
5,7,0,0,0,1,0.54,0.5152,0.88,0.1045,40,18.0
5,8,0,0,0,1,0.6,0.5909,0.73,0.0896,94,40.0
5,9,0,0,0,1,0.62,0.6061,0.69,0.1045,189,94.0
5,10,0,0,0,1,0.64,0.6061,0.65,0.1343,305,189.0
5,11,0,0,0,1,0.7,0.6515,0.54,0.194,373,305.0
5,12,0,0,0,2,0.72,0.6667,0.51,0.194,401,373.0
5,13,0,0,0,2,0.66,0.6212,0.54,0.2239,455,401.0
5,14,0,0,0,3,0.62,0.6061,0.69,0.194,316,455.0
5,15,0,0,0,2,0.66,0.6212,0.61,0.1642,331,316.0
5,16,0,0,0,1,0.68,0.6364,0.61,0.1343,273,331.0
5,17,0,0,0,1,0.7,0.6515,0.58,0.2537,306,273.0
5,18,0,0,0,1,0.66,0.6212,0.61,0.2239,358,306.0
5,19,0,0,0,1,0.66,0.6212,0.61,0.194,300,358.0
5,20,0,0,0,1,0.64,0.6061,0.65,0.1642,231,300.0
5,21,0,0,0,1,0.62,0.5909,0.73,0.194,136,231.0
5,22,0,0,0,1,0.6,0.5606,0.83,0.1343,121,136.0
5,23,0,0,0,2,0.58,0.5455,0.83,0.1343,65,121.0
5,0,0,1,1,2,0.56,0.5303,0.88,0.1343,41,65.0
5,1,0,1,1,1,0.56,0.5303,0.88,0.1045,9,41.0
5,2,0,1,1,3,0.56,0.5303,0.88,0.1642,5,9.0
5,3,0,1,1,3,0.54,0.5152,0.94,0.1642,4,5.0
5,4,0,1,1,2,0.54,0.5152,0.94,0.0,4,4.0
5,5,0,1,1,2,0.54,0.5152,0.94,0.0,11,4.0
5,6,0,1,1,2,0.54,0.5152,1.0,0.0,96,11.0
5,7,0,1,1,2,0.56,0.5303,0.94,0.1045,236,96.0
5,8,0,1,1,1,0.6,0.5455,0.88,0.194,409,236.0
5,9,0,1,1,1,0.6,0.5455,0.88,0.2239,167,409.0
5,10,0,1,1,1,0.66,0.6212,0.74,0.2985,121,167.0
5,11,0,1,1,1,0.68,0.6364,0.69,0.3881,180,121.0
5,12,0,1,1,1,0.68,0.6364,0.69,0.3881,204,180.0
5,13,0,1,1,2,0.74,0.6818,0.58,0.4179,204,204.0
5,14,0,1,1,2,0.72,0.6818,0.62,0.5224,187,204.0
5,15,0,1,1,2,0.72,0.6818,0.62,0.4478,176,187.0
5,16,0,1,1,2,0.72,0.6818,0.62,0.2985,279,176.0
5,17,0,1,1,3,0.72,0.6818,0.7,0.3881,429,279.0
5,18,0,1,1,1,0.7,0.6667,0.74,0.2836,453,429.0
5,19,0,1,1,1,0.7,0.6667,0.74,0.2239,358,453.0
5,20,0,1,1,1,0.64,0.5758,0.83,0.2239,310,358.0
5,21,0,1,1,1,0.64,0.5758,0.89,0.2239,188,310.0
5,22,0,1,1,1,0.62,0.5455,0.94,0.2239,131,188.0
5,23,0,1,1,2,0.62,0.5606,0.88,0.194,72,131.0
5,0,0,2,1,2,0.6,0.5152,0.94,0.194,35,72.0
5,1,0,2,1,2,0.6,0.5152,0.94,0.1642,15,35.0
5,2,0,2,1,2,0.6,0.5152,0.94,0.194,10,15.0
5,3,0,2,1,2,0.58,0.5455,0.94,0.1045,2,10.0
5,4,0,2,1,1,0.6,0.5455,0.88,0.1045,4,2.0
5,5,0,2,1,2,0.58,0.5455,0.94,0.2537,24,4.0
5,6,0,2,1,2,0.58,0.5455,0.94,0.194,112,24.0
5,7,0,2,1,3,0.64,0.5909,0.78,0.194,314,112.0
5,8,0,2,1,3,0.62,0.5758,0.83,0.2239,434,314.0
5,9,0,2,1,2,0.64,0.6061,0.73,0.194,138,434.0
5,10,0,2,1,1,0.7,0.6515,0.61,0.3284,108,138.0
5,11,0,2,1,1,0.74,0.6667,0.51,0.2239,175,108.0
5,12,0,2,1,1,0.76,0.6818,0.45,0.3881,170,175.0
5,13,0,2,1,1,0.78,0.697,0.46,0.2537,190,170.0
5,14,0,2,1,1,0.78,0.697,0.46,0.2836,153,190.0
5,15,0,2,1,3,0.74,0.6818,0.55,0.4179,188,153.0
5,16,0,2,1,1,0.66,0.6212,0.69,0.194,277,188.0
5,17,0,2,1,1,0.7,0.6515,0.61,0.1045,548,277.0
5,18,0,2,1,1,0.7,0.6515,0.7,0.194,564,548.0
5,19,0,2,1,1,0.66,0.6212,0.74,0.194,355,564.0
5,20,0,2,1,1,0.66,0.6212,0.74,0.0896,280,355.0
5,21,0,2,1,1,0.64,0.5909,0.78,0.0896,189,280.0
5,22,0,2,1,3,0.62,0.5606,0.88,0.2239,141,189.0
5,23,0,2,1,3,0.66,0.6212,0.74,0.1642,66,141.0
5,0,0,3,1,3,0.6,0.5606,0.83,0.2239,35,66.0
5,1,0,3,1,3,0.58,0.5455,0.83,0.194,8,35.0
5,2,0,3,1,2,0.56,0.5303,0.94,0.0,8,8.0
5,3,0,3,1,1,0.54,0.5152,1.0,0.1343,9,8.0
5,4,0,3,1,1,0.54,0.5152,1.0,0.1045,3,9.0
5,5,0,3,1,1,0.56,0.5303,0.88,0.0896,25,3.0
5,6,0,3,1,1,0.56,0.5303,0.94,0.0896,117,25.0
5,7,0,3,1,1,0.62,0.5909,0.73,0.1343,313,117.0
5,8,0,3,1,1,0.64,0.6061,0.69,0.2239,531,313.0
5,9,0,3,1,1,0.68,0.6364,0.65,0.0896,234,531.0
5,10,0,3,1,1,0.7,0.6515,0.61,0.0896,135,234.0
5,11,0,3,1,1,0.74,0.6667,0.51,0.0896,140,135.0
5,12,0,3,1,1,0.74,0.6818,0.55,0.1343,210,140.0
5,13,0,3,1,1,0.74,0.6818,0.55,0.1343,202,210.0
5,14,0,3,1,1,0.74,0.6818,0.55,0.1642,168,202.0
5,15,0,3,1,1,0.76,0.697,0.52,0.2537,182,168.0
5,16,0,3,1,1,0.74,0.6667,0.51,0.2836,299,182.0
5,17,0,3,1,1,0.74,0.6667,0.51,0.2239,601,299.0
5,18,0,3,1,1,0.72,0.6667,0.58,0.2239,517,601.0
5,19,0,3,1,1,0.7,0.6515,0.61,0.1343,405,517.0
5,20,0,3,1,1,0.7,0.6515,0.61,0.1642,340,405.0
5,21,0,3,1,1,0.66,0.6212,0.69,0.1343,236,340.0
5,22,0,3,1,1,0.66,0.6212,0.69,0.2537,174,236.0
5,23,0,3,1,1,0.64,0.6061,0.73,0.1343,86,174.0
5,0,0,4,1,1,0.64,0.6061,0.73,0.1343,45,86.0
5,1,0,4,1,1,0.64,0.6061,0.73,0.1343,16,45.0
5,2,0,4,1,1,0.62,0.5758,0.83,0.1045,14,16.0
5,3,0,4,1,1,0.6,0.5455,0.88,0.0896,4,14.0
5,4,0,4,1,1,0.6,0.5455,0.88,0.0,2,4.0
5,5,0,4,1,2,0.6,0.5455,0.88,0.0896,27,2.0
5,6,0,4,1,2,0.6,0.5,1.0,0.0896,98,27.0
5,7,0,4,1,2,0.62,0.5455,0.94,0.2537,286,98.0
5,8,0,4,1,2,0.66,0.6061,0.83,0.1642,489,286.0
5,9,0,4,1,1,0.72,0.6818,0.7,0.1642,216,489.0
5,10,0,4,1,1,0.7,0.6667,0.74,0.2836,143,216.0
5,11,0,4,1,1,0.74,0.697,0.66,0.2239,160,143.0
5,12,0,4,1,1,0.78,0.7424,0.59,0.3284,194,160.0
5,13,0,4,1,1,0.82,0.7727,0.52,0.2836,197,194.0
5,14,0,4,1,1,0.82,0.7727,0.52,0.2836,189,197.0
5,15,0,4,1,2,0.82,0.7576,0.46,0.2836,141,189.0
5,16,0,4,1,2,0.8,0.7424,0.49,0.3582,291,141.0
5,17,0,4,1,1,0.8,0.7273,0.46,0.2836,494,291.0
5,18,0,4,1,1,0.8,0.7273,0.46,0.3284,478,494.0
5,19,0,4,1,1,0.78,0.697,0.46,0.3284,378,478.0
5,20,0,4,1,1,0.72,0.6667,0.58,0.1642,322,378.0
5,21,0,4,1,1,0.72,0.6818,0.62,0.0896,223,322.0
5,22,0,4,1,1,0.7,0.6515,0.65,0.1343,180,223.0
5,23,0,4,1,1,0.7,0.6515,0.65,0.194,90,180.0
5,0,0,5,1,1,0.68,0.6364,0.69,0.2537,69,90.0
5,1,0,5,1,1,0.7,0.6515,0.58,0.2985,50,69.0
5,2,0,5,1,1,0.68,0.6364,0.61,0.2239,18,50.0
5,3,0,5,1,1,0.66,0.6212,0.65,0.0896,12,18.0
5,4,0,5,1,1,0.64,0.6061,0.69,0.1343,7,12.0
5,5,0,5,1,1,0.64,0.6061,0.65,0.2836,31,7.0
5,6,0,5,1,1,0.64,0.6061,0.69,0.0896,81,31.0
5,7,0,5,1,1,0.64,0.6061,0.73,0.1642,249,81.0
5,8,0,5,1,1,0.66,0.6212,0.74,0.2836,418,249.0
5,9,0,5,1,1,0.7,0.6515,0.65,0.2836,227,418.0
5,10,0,5,1,1,0.72,0.6667,0.54,0.3881,153,227.0
5,11,0,5,1,2,0.74,0.6818,0.55,0.3284,166,153.0
5,12,0,5,1,2,0.76,0.697,0.55,0.2985,243,166.0
5,13,0,5,1,1,0.74,0.6818,0.58,0.194,209,243.0
5,14,0,5,1,1,0.76,0.697,0.55,0.2537,239,209.0
5,15,0,5,1,1,0.78,0.7121,0.49,0.2836,356,239.0
5,16,0,5,1,2,0.76,0.697,0.55,0.3881,419,356.0
5,17,0,5,1,1,0.74,0.6818,0.58,0.3881,491,419.0
5,18,0,5,1,2,0.72,0.6818,0.62,0.2985,399,491.0
5,19,0,5,1,3,0.6,0.5758,0.78,0.2537,279,399.0
5,20,0,5,1,2,0.62,0.5909,0.73,0.2239,144,279.0
5,21,0,5,1,1,0.6,0.5606,0.83,0.1045,151,144.0
5,22,0,5,1,1,0.6,0.5758,0.78,0.1343,141,151.0
5,23,0,5,1,1,0.58,0.5455,0.88,0.1343,127,141.0
5,0,0,6,0,1,0.58,0.5455,0.88,0.1343,94,127.0
5,1,0,6,0,1,0.58,0.5455,0.88,0.194,55,94.0
5,2,0,6,0,1,0.56,0.5303,0.94,0.194,48,55.0
5,3,0,6,0,1,0.56,0.5303,0.88,0.2239,15,48.0
5,4,0,6,0,1,0.56,0.5303,0.88,0.2537,4,15.0
5,5,0,6,0,1,0.56,0.5303,0.88,0.2239,7,4.0
5,6,0,6,0,1,0.58,0.5455,0.83,0.2537,19,7.0
5,7,0,6,0,1,0.6,0.5606,0.83,0.2537,50,19.0
5,8,0,6,0,1,0.62,0.5909,0.78,0.194,102,50.0
5,9,0,6,0,1,0.64,0.6061,0.73,0.2537,177,102.0
5,10,0,6,0,1,0.7,0.6515,0.65,0.2239,276,177.0
5,11,0,6,0,1,0.7,0.6515,0.65,0.2239,349,276.0
5,12,0,6,0,1,0.72,0.6667,0.58,0.2537,358,349.0
5,13,0,6,0,1,0.72,0.6818,0.62,0.2239,385,358.0
5,14,0,6,0,1,0.74,0.6818,0.58,0.2239,382,385.0
5,15,0,6,0,1,0.74,0.6818,0.55,0.2239,374,382.0
5,16,0,6,0,1,0.76,0.697,0.55,0.2836,402,374.0
5,17,0,6,0,1,0.74,0.6818,0.55,0.2985,341,402.0
5,18,0,6,0,1,0.72,0.6818,0.62,0.2537,385,341.0
5,19,0,6,0,1,0.7,0.6515,0.65,0.194,252,385.0
5,20,0,6,0,1,0.7,0.6515,0.65,0.2239,196,252.0
5,21,0,6,0,1,0.66,0.6212,0.74,0.2985,201,196.0
5,22,0,6,0,1,0.66,0.6061,0.78,0.2239,161,201.0
5,23,0,6,0,1,0.64,0.5758,0.83,0.194,125,161.0
5,0,0,0,0,1,0.64,0.5758,0.83,0.2239,83,125.0
5,1,0,0,0,1,0.62,0.5606,0.88,0.1642,66,83.0
5,2,0,0,0,1,0.62,0.5606,0.88,0.1045,61,66.0
5,3,0,0,0,1,0.62,0.5606,0.88,0.1045,26,61.0
5,4,0,0,0,1,0.6,0.5455,0.88,0.0896,23,26.0
5,5,0,0,0,1,0.6,0.5152,0.94,0.1642,6,23.0
5,6,0,0,0,2,0.62,0.5606,0.88,0.194,15,6.0
5,7,0,0,0,2,0.62,0.5606,0.88,0.2537,30,15.0
5,8,0,0,0,2,0.62,0.5606,0.88,0.2239,96,30.0
5,9,0,0,0,2,0.62,0.5455,0.94,0.2537,152,96.0
5,10,0,0,0,2,0.66,0.6061,0.83,0.2239,251,152.0
5,11,0,0,0,2,0.66,0.6061,0.83,0.2836,319,251.0
5,12,0,0,0,2,0.7,0.6667,0.74,0.2239,402,319.0
5,13,0,0,0,1,0.72,0.6818,0.7,0.2836,418,402.0
5,14,0,0,0,1,0.74,0.697,0.7,0.2836,351,418.0
5,15,0,0,0,1,0.74,0.697,0.7,0.2985,376,351.0
5,16,0,0,0,1,0.74,0.697,0.7,0.2836,361,376.0
5,17,0,0,0,1,0.74,0.697,0.7,0.2836,383,361.0
5,18,0,0,0,1,0.72,0.697,0.74,0.2836,328,383.0
5,19,0,0,0,1,0.72,0.697,0.74,0.2537,287,328.0
5,20,0,0,0,1,0.7,0.6667,0.79,0.194,219,287.0
5,21,0,0,0,1,0.68,0.6364,0.83,0.1642,229,219.0
5,22,0,0,0,1,0.66,0.5909,0.89,0.1343,171,229.0
5,23,0,0,0,1,0.66,0.5909,0.89,0.1642,135,171.0
5,0,1,1,0,1,0.64,0.5606,0.94,0.194,103,135.0
5,1,1,1,0,1,0.64,0.5606,0.94,0.1343,79,103.0
5,2,1,1,0,1,0.64,0.5606,0.94,0.194,45,79.0
5,3,1,1,0,1,0.64,0.5606,0.94,0.194,18,45.0
5,4,1,1,0,1,0.62,0.5455,0.94,0.1642,6,18.0
5,5,1,1,0,2,0.62,0.5455,0.94,0.1045,7,6.0
5,6,1,1,0,2,0.64,0.5606,0.94,0.0896,16,7.0
5,7,1,1,0,2,0.64,0.5606,0.94,0.0,31,16.0
5,8,1,1,0,2,0.66,0.5909,0.89,0.1045,94,31.0
5,9,1,1,0,1,0.72,0.697,0.74,0.0896,128,94.0
5,10,1,1,0,1,0.8,0.7576,0.55,0.2537,269,128.0
5,11,1,1,0,1,0.82,0.7727,0.52,0.0,321,269.0
5,12,1,1,0,1,0.86,0.803,0.47,0.1045,366,321.0
5,13,1,1,0,1,0.86,0.7879,0.44,0.0896,350,366.0
5,14,1,1,0,1,0.88,0.803,0.39,0.0,327,350.0
5,15,1,1,0,1,0.88,0.803,0.39,0.2537,311,327.0
5,16,1,1,0,1,0.88,0.7879,0.37,0.2836,309,311.0
5,17,1,1,0,1,0.86,0.7879,0.41,0.2239,304,309.0
5,18,1,1,0,1,0.86,0.7879,0.41,0.1642,249,304.0
5,19,1,1,0,2,0.52,0.5,0.48,0.1045,225,249.0
5,20,1,1,0,1,0.76,0.7121,0.58,0.0,237,225.0
5,21,1,1,0,1,0.74,0.697,0.7,0.1343,149,237.0
5,22,1,1,0,1,0.72,0.697,0.74,0.1642,106,149.0
5,23,1,1,0,1,0.7,0.6667,0.84,0.1045,48,106.0
5,0,0,2,1,1,0.7,0.6667,0.79,0.0896,29,48.0
5,1,0,2,1,1,0.68,0.6364,0.89,0.0896,17,29.0
5,2,0,2,1,2,0.66,0.5909,0.94,0.1343,12,17.0
5,3,0,2,1,2,0.64,0.5606,0.94,0.0,4,12.0
5,4,0,2,1,1,0.66,0.6061,0.83,0.0896,3,4.0
5,5,0,2,1,1,0.66,0.6061,0.83,0.0896,26,3.0
5,6,0,2,1,1,0.68,0.6364,0.79,0.0896,109,26.0
5,7,0,2,1,1,0.74,0.697,0.66,0.1045,235,109.0
5,8,0,2,1,1,0.78,0.7424,0.59,0.1343,406,235.0
5,9,0,2,1,1,0.8,0.7576,0.55,0.1343,175,406.0
5,10,0,2,1,1,0.82,0.7879,0.56,0.1343,109,175.0
5,11,0,2,1,1,0.86,0.803,0.47,0.0,106,109.0
5,12,0,2,1,1,0.86,0.803,0.47,0.1343,162,106.0
5,13,0,2,1,1,0.9,0.8333,0.39,0.1642,147,162.0
5,14,0,2,1,1,0.9,0.8182,0.37,0.0,140,147.0
5,15,0,2,1,1,0.9,0.8182,0.37,0.1642,175,140.0
5,16,0,2,1,1,0.9,0.8333,0.39,0.1343,249,175.0
5,17,0,2,1,1,0.84,0.803,0.53,0.2239,495,249.0
5,18,0,2,1,1,0.84,0.803,0.53,0.194,417,495.0
5,19,0,2,1,1,0.78,0.7424,0.62,0.1045,285,417.0
5,20,0,2,1,1,0.78,0.7424,0.62,0.1045,251,285.0
5,21,0,2,1,1,0.76,0.7273,0.66,0.1045,210,251.0
5,22,0,2,1,1,0.74,0.697,0.7,0.1642,159,210.0
5,23,0,2,1,1,0.72,0.697,0.79,0.0896,61,159.0
